{"dataset_name": "example", "mut_assignments": {"1": {"ssms": ["s207", "s206", "s205", "s204", "s203", "s202", "s209", "s57", "s56", "s55", "s54", "s53", "s58", "s349", "s342", "s343", "s346", "s344", "s345", "s119", "s118", "s116", "s113", "s112", "s111", "s110", "s416", "s417", "s414", "s410", "s249", "s247", "s245", "s307", "s304", "s305", "s303", "s300", "s153", "s157", "s155", "s154", "s391", "s395", "s394", "s396", "s2", "s1", "s0", "s7", "s5", "s4", "s393", "s288", "s287", "s286", "s285", "s284", "s283", "s281", "s449", "s448", "s444", "s447", "s441", "s443", "s232", "s230", "s237", "s81", "s238", "s239", "s45", "s46", "s47", "s40", "s84", "s48", "s49", "s334", "s355", "s354", "s357", "s356", "s353", "s352", "s359", "s358", "s498", "s499", "s496", "s497", "s494", "s495", "s492", "s493", "s491", "s128", "s129", "s121", "s126", "s124", "s401", "s400", "s402", "s405", "s406", "s408", "s38", "s35", "s37", "s36", "s31", "s276", "s277", "s274", "s275", "s272", "s273", "s270", "s271", "s278", "s279", "s474", "s475", "s476", "s477", "s472", "s473", "s318", "s311", "s310", "s312", "s315", "s317", "s168", "s166", "s167", "s162", "s163", "s160", "s368", "s364", "s367", "s362", "s80", "s438", "s430", "s434", "s435", "s437", "s184", "s185", "s186", "s187", "s182", "s183", "s189", "s228", "s225", "s226", "s221", "s220", "s223", "s78", "s71", "s70", "s77", "s76", "s92", "s91", "s90", "s97", "s95", "s94", "s328", "s329", "s99", "s98", "s320", "s321", "s323", "s488", "s327", "s484", "s487", "s135", "s134", "s131", "s130", "s133", "s132", "s260", "s263", "s267", "s466", "s463", "s461", "s468", "s214", "s215", "s216", "s212", "s218", "s219", "s22", "s23", "s26", "s27", "s25", "s29", "s173", "s175", "s174", "s177", "s379", "s377", "s376", "s373", "s371", "s482", "s109", "s104", "s105", "s107", "s429", "s428", "s420", "s426", "s197", "s193", "s199", "s19", "s13", "s12", "s11", "s10", "s17", "s16", "s14", "s250", "s251", "s253", "s254", "s257", "s68", "s67", "s64", "s65", "s60", "s61", "s333", "s330", "s335", "s89", "s339", "s338", "s140", "s141", "s142", "s145", "s386", "s387", "s384", "s383", "s380", "s381", "s298", "s297", "s290", "s291", "s292", "s293", "s452", "s453", "s454", "s455", "s458", "s459"], "cnvs": []}, "2": {"ssms": ["s201", "s200", "s208", "s52", "s51", "s50", "s59", "s348", "s341", "s347", "s117", "s115", "s114", "s415", "s412", "s413", "s411", "s418", "s419", "s248", "s243", "s242", "s241", "s240", "s246", "s244", "s308", "s309", "s306", "s302", "s301", "s152", "s151", "s150", "s156", "s159", "s158", "s390", "s9", "s8", "s397", "s3", "s6", "s392", "s399", "s398", "s289", "s282", "s280", "s445", "s446", "s440", "s442", "s233", "s231", "s236", "s234", "s331", "s44", "s41", "s42", "s43", "s336", "s86", "s351", "s350", "s490", "s122", "s123", "s120", "s127", "s125", "s403", "s404", "s407", "s409", "s39", "s34", "s30", "s33", "s32", "s470", "s471", "s478", "s479", "s319", "s313", "s314", "s316", "s169", "s164", "s165", "s161", "s369", "s365", "s366", "s360", "s361", "s363", "s439", "s431", "s432", "s433", "s436", "s180", "s181", "s83", "s188", "s229", "s224", "s227", "s222", "s79", "s73", "s72", "s75", "s74", "s93", "s96", "s322", "s324", "s325", "s489", "s326", "s481", "s480", "s483", "s485", "s486", "s137", "s136", "s139", "s138", "s261", "s262", "s265", "s264", "s266", "s269", "s268", "s467", "s465", "s464", "s462", "s460", "s217", "s210", "s211", "s213", "s235", "s20", "s21", "s24", "s28", "s179", "s178", "s171", "s170", "s172", "s176", "s378", "s375", "s374", "s372", "s370", "s108", "s106", "s100", "s101", "s102", "s103", "s423", "s422", "s421", "s425", "s424", "s196", "s195", "s194", "s192", "s191", "s190", "s198", "s18", "s15", "s258", "s259", "s252", "s255", "s256", "s69", "s66", "s62", "s63", "s332", "s82", "s337", "s85", "s87", "s88", "s143", "s144", "s146", "s147", "s148", "s149", "s385", "s382", "s388", "s389", "s299", "s294", "s295", "s296", "s450", "s451", "s456", "s457", "s469", "s340", "s427"], "cnvs": []}}}