mutation_id	sample_id	cluster_id	cellular_prevalence	cellular_prevalence_std	cluster_assignment_prob
S_1	example	0	0.9999	0.0007	0.9812
S_10	example	0	0.9999	0.0007	0.9970
S_100	example	0	0.9999	0.0007	0.9970
S_1000	example	0	0.9999	0.0007	0.9925
S_1001	example	0	0.9999	0.0007	0.9882
S_1002	example	0	0.9999	0.0007	0.9699
S_1003	example	0	0.9999	0.0007	0.9882
S_1004	example	0	0.9999	0.0007	0.9925
S_1005	example	0	0.9999	0.0007	0.9812
S_1006	example	0	0.9999	0.0007	0.9882
S_1007	example	0	0.9999	0.0007	0.9520
S_1008	example	0	0.9999	0.0007	0.8156
S_1009	example	0	0.9999	0.0007	0.9699
S_101	example	0	0.9999	0.0007	0.9988
S_1010	example	0	0.9999	0.0007	0.9953
S_1011	example	0	0.9999	0.0007	0.9520
S_1012	example	0	0.9999	0.0007	0.9520
S_1013	example	0	0.9999	0.0007	0.9925
S_1014	example	0	0.9999	0.0007	0.9925
S_1015	example	0	0.9999	0.0007	0.9953
S_1016	example	0	0.9999	0.0007	0.9520
S_1017	example	0	0.9999	0.0007	0.9238
S_1018	example	0	0.9999	0.0007	0.8802
S_1019	example	0	0.9999	0.0007	0.9882
S_102	example	0	0.9999	0.0007	0.9882
S_1020	example	0	0.9999	0.0007	0.9238
S_1021	example	0	0.9999	0.0007	0.9812
S_1022	example	0	0.9999	0.0007	0.9925
S_1023	example	0	0.9999	0.0007	0.9520
S_1024	example	0	0.9999	0.0007	0.9953
S_1025	example	0	0.9999	0.0007	0.4791
S_1026	example	0	0.9999	0.0007	0.9992
S_1027	example	0	0.9999	0.0007	0.9882
S_1028	example	0	0.9999	0.0007	0.8802
S_1029	example	0	0.9999	0.0007	0.9238
S_103	example	0	0.9999	0.0007	0.9995
S_1030	example	0	0.9999	0.0007	0.9699
S_1031	example	0	0.9999	0.0007	0.6101
S_1032	example	0	0.9999	0.0007	0.9520
S_1033	example	0	0.9999	0.0007	0.9812
S_1034	example	0	0.9999	0.0007	0.9925
S_1035	example	0	0.9999	0.0007	0.9925
S_1036	example	0	0.9999	0.0007	0.9812
S_1037	example	0	0.9999	0.0007	0.9238
S_1038	example	0	0.9999	0.0007	0.9812
S_1039	example	0	0.9999	0.0007	0.9699
S_104	example	0	0.9999	0.0007	0.9812
S_1040	example	0	0.9999	0.0007	0.9882
S_1041	example	0	0.9999	0.0007	0.9970
S_1042	example	0	0.9999	0.0007	0.9882
S_1043	example	0	0.9999	0.0007	0.9699
S_1044	example	0	0.9999	0.0007	0.9925
S_1045	example	0	0.9999	0.0007	0.9925
S_1046	example	0	0.9999	0.0007	0.9238
S_1047	example	0	0.9999	0.0007	0.9238
S_1048	example	0	0.9999	0.0007	0.9925
S_1049	example	0	0.9999	0.0007	0.9970
S_105	example	0	0.9999	0.0007	0.9882
S_1050	example	0	0.9999	0.0007	0.9953
S_1051	example	0	0.9999	0.0007	0.9238
S_1052	example	0	0.9999	0.0007	0.9699
S_1053	example	0	0.9999	0.0007	0.9699
S_1054	example	0	0.9999	0.0007	0.9699
S_1055	example	0	0.9999	0.0007	0.9699
S_1056	example	0	0.9999	0.0007	0.8156
S_1057	example	0	0.9999	0.0007	0.8802
S_1058	example	0	0.9999	0.0007	0.9812
S_1059	example	0	0.9999	0.0007	0.9699
S_106	example	0	0.9999	0.0007	0.9953
S_1060	example	0	0.9999	0.0007	0.9699
S_1061	example	0	0.9999	0.0007	0.9812
S_1062	example	0	0.9999	0.0007	0.9995
S_1063	example	0	0.9999	0.0007	0.9925
S_1064	example	0	0.9999	0.0007	0.9988
S_1065	example	0	0.9999	0.0007	0.9882
S_1066	example	0	0.9999	0.0007	0.7254
S_1067	example	0	0.9999	0.0007	0.9699
S_1068	example	0	0.9999	0.0007	0.9925
S_1069	example	0	0.9999	0.0007	0.9520
S_107	example	0	0.9999	0.0007	0.9699
S_1070	example	0	0.9999	0.0007	0.9812
S_1071	example	0	0.9999	0.0007	0.9925
S_1072	example	0	0.9999	0.0007	0.9699
S_1073	example	0	0.9999	0.0007	0.9699
S_1074	example	0	0.9999	0.0007	0.9988
S_1075	example	0	0.9999	0.0007	0.9981
S_1076	example	0	0.9999	0.0007	0.9699
S_1077	example	0	0.9999	0.0007	0.9925
S_1078	example	0	0.9999	0.0007	0.9925
S_1079	example	0	0.9999	0.0007	0.9998
S_108	example	0	0.9999	0.0007	0.9520
S_1080	example	0	0.9999	0.0007	0.9882
S_1081	example	0	0.9999	0.0007	0.9699
S_1082	example	0	0.9999	0.0007	0.9520
S_1083	example	0	0.9999	0.0007	0.8156
S_1084	example	0	0.9999	0.0007	0.9925
S_1085	example	0	0.9999	0.0007	0.9699
S_1086	example	0	0.9999	0.0007	0.9812
S_1087	example	0	0.9999	0.0007	0.9953
S_1088	example	0	0.9999	0.0007	0.9925
S_1089	example	0	0.9999	0.0007	0.9925
S_109	example	0	0.9999	0.0007	0.3491
S_1090	example	0	0.9999	0.0007	0.9925
S_1091	example	0	0.9999	0.0007	0.9520
S_1092	example	0	0.9999	0.0007	0.9953
S_1093	example	0	0.9999	0.0007	0.8156
S_1094	example	0	0.9999	0.0007	0.9925
S_1095	example	0	0.9999	0.0007	0.9882
S_1096	example	0	0.9999	0.0007	0.9238
S_1097	example	0	0.9999	0.0007	0.9812
S_1098	example	0	0.9999	0.0007	0.9520
S_1099	example	0	0.9999	0.0007	0.9520
S_11	example	0	0.9999	0.0007	0.6101
S_110	example	0	0.9999	0.0007	0.9995
S_1100	example	0	0.9999	0.0007	0.9238
S_1101	example	0	0.9999	0.0007	0.9520
S_1102	example	0	0.9999	0.0007	0.9882
S_1103	example	0	0.9999	0.0007	0.8156
S_1104	example	0	0.9999	0.0007	0.9925
S_1105	example	0	0.9999	0.0007	0.9988
S_1106	example	0	0.9999	0.0007	0.9953
S_1107	example	0	0.9999	0.0007	0.9882
S_1108	example	0	0.9999	0.0007	0.9995
S_1109	example	0	0.9999	0.0007	0.9925
S_111	example	0	0.9999	0.0007	0.9520
S_1110	example	0	0.9999	0.0007	0.9699
S_1111	example	0	0.9999	0.0007	0.9238
S_1112	example	0	0.9999	0.0007	0.9992
S_1113	example	0	0.9999	0.0007	0.9238
S_1114	example	0	0.9999	0.0007	0.8802
S_1115	example	0	0.9999	0.0007	0.9925
S_1116	example	0	0.9999	0.0007	0.9699
S_1117	example	0	0.9999	0.0007	0.9882
S_1118	example	0	0.9999	0.0007	0.9882
S_1119	example	0	0.9999	0.0007	0.8156
S_112	example	0	0.9999	0.0007	0.9699
S_1120	example	0	0.9999	0.0007	0.9812
S_1121	example	0	0.9999	0.0007	0.8802
S_1122	example	0	0.9999	0.0007	0.9812
S_1123	example	0	0.9999	0.0007	0.9925
S_1124	example	0	0.9999	0.0007	0.9238
S_1125	example	0	0.9999	0.0007	0.8156
S_1126	example	0	0.9999	0.0007	0.9970
S_1127	example	0	0.9999	0.0007	0.9992
S_1128	example	0	0.9999	0.0007	0.9520
S_1129	example	0	0.9999	0.0007	0.9925
S_113	example	0	0.9999	0.0007	0.9812
S_1130	example	0	0.9999	0.0007	0.8156
S_1131	example	0	0.9999	0.0007	0.8802
S_1132	example	0	0.9999	0.0007	0.9970
S_1133	example	0	0.9999	0.0007	0.9882
S_1134	example	0	0.9999	0.0007	0.9238
S_1135	example	0	0.9999	0.0007	0.9699
S_1136	example	0	0.9999	0.0007	0.9882
S_1137	example	0	0.9999	0.0007	0.9699
S_1138	example	0	0.9999	0.0007	0.9925
S_1139	example	0	0.9999	0.0007	0.9925
S_114	example	0	0.9999	0.0007	0.9812
S_1140	example	0	0.9999	0.0007	0.9882
S_1141	example	0	0.9999	0.0007	0.9812
S_1142	example	0	0.9999	0.0007	0.9699
S_1143	example	0	0.9999	0.0007	0.9520
S_1144	example	0	0.9999	0.0007	0.9812
S_1145	example	0	0.9999	0.0007	0.8802
S_1146	example	0	0.9999	0.0007	0.9699
S_1147	example	0	0.9999	0.0007	0.9925
S_1148	example	0	0.9999	0.0007	0.9992
S_1149	example	0	0.9999	0.0007	0.9812
S_115	example	0	0.9999	0.0007	0.9882
S_1150	example	0	0.9999	0.0007	0.9882
S_1151	example	0	0.9999	0.0007	0.9882
S_1152	example	0	0.9999	0.0007	0.9925
S_1153	example	0	0.9999	0.0007	0.9699
S_1154	example	0	0.9999	0.0007	0.9812
S_1155	example	0	0.9999	0.0007	0.6101
S_1156	example	0	0.9999	0.0007	0.9882
S_1157	example	0	0.9999	0.0007	0.9882
S_1158	example	0	0.9999	0.0007	0.9970
S_1159	example	0	0.9999	0.0007	0.8156
S_116	example	0	0.9999	0.0007	0.9998
S_1160	example	0	0.9999	0.0007	0.9520
S_1161	example	0	0.9999	0.0007	0.9812
S_1162	example	0	0.9999	0.0007	0.9520
S_1163	example	0	0.9999	0.0007	0.9520
S_117	example	0	0.9999	0.0007	0.9925
S_118	example	0	0.9999	0.0007	0.9520
S_119	example	0	0.9999	0.0007	0.9882
S_12	example	0	0.9999	0.0007	0.9925
S_120	example	0	0.9999	0.0007	0.9953
S_121	example	0	0.9999	0.0007	0.8156
S_122	example	0	0.9999	0.0007	0.9699
S_123	example	0	0.9999	0.0007	0.9953
S_124	example	0	0.9999	0.0007	0.9699
S_125	example	0	0.9999	0.0007	0.9520
S_126	example	0	0.9999	0.0007	0.9699
S_127	example	0	0.9999	0.0007	0.8156
S_128	example	0	0.9999	0.0007	0.9988
S_129	example	0	0.9999	0.0007	0.9812
S_13	example	0	0.9999	0.0007	0.9981
S_130	example	0	0.9999	0.0007	0.9925
S_131	example	0	0.9999	0.0007	0.8156
S_132	example	0	0.9999	0.0007	0.9520
S_133	example	0	0.9999	0.0007	0.9995
S_134	example	0	0.9999	0.0007	0.9970
S_135	example	0	0.9999	0.0007	0.8802
S_136	example	0	0.9999	0.0007	0.9953
S_137	example	0	0.9999	0.0007	0.7254
S_138	example	0	0.9999	0.0007	0.9925
S_139	example	0	0.9999	0.0007	0.9812
S_14	example	0	0.9999	0.0007	0.8802
S_140	example	0	0.9999	0.0007	0.9925
S_141	example	0	0.9999	0.0007	0.9882
S_142	example	0	0.9999	0.0007	0.9699
S_143	example	0	0.9999	0.0007	0.9882
S_144	example	0	0.9999	0.0007	0.9988
S_145	example	0	0.9999	0.0007	0.9699
S_146	example	0	0.9999	0.0007	0.9238
S_147	example	0	0.9999	0.0007	0.9812
S_148	example	0	0.9999	0.0007	0.9997
S_149	example	0	0.9999	0.0007	0.9992
S_15	example	0	0.9999	0.0007	0.8802
S_150	example	0	0.9999	0.0007	0.9882
S_151	example	0	0.9999	0.0007	0.9882
S_152	example	0	0.9999	0.0007	0.9238
S_153	example	0	0.9999	0.0007	0.9995
S_154	example	0	0.9999	0.0007	0.9953
S_155	example	0	0.9999	0.0007	0.9953
S_156	example	0	0.9999	0.0007	0.9992
S_157	example	0	0.9999	0.0007	0.9925
S_158	example	0	0.9999	0.0007	0.9992
S_159	example	0	0.9999	0.0007	0.8802
S_16	example	0	0.9999	0.0007	0.9988
S_160	example	0	0.9999	0.0007	0.9981
S_161	example	0	0.9999	0.0007	0.9238
S_162	example	0	0.9999	0.0007	0.9882
S_163	example	0	0.9999	0.0007	0.9520
S_164	example	0	0.9999	0.0007	0.9520
S_165	example	0	0.9999	0.0007	0.9925
S_166	example	0	0.9999	0.0007	0.9812
S_167	example	0	0.9999	0.0007	0.9988
S_168	example	0	0.9999	0.0007	0.9699
S_169	example	0	0.9999	0.0007	0.9988
S_17	example	0	0.9999	0.0007	0.9882
S_170	example	0	0.9999	0.0007	0.9882
S_171	example	0	0.9999	0.0007	0.9520
S_172	example	0	0.9999	0.0007	0.9988
S_173	example	0	0.9999	0.0007	0.9970
S_174	example	0	0.9999	0.0007	0.9699
S_175	example	0	0.9999	0.0007	0.9953
S_176	example	0	0.9999	0.0007	0.3491
S_177	example	0	0.9999	0.0007	0.7254
S_178	example	0	0.9999	0.0007	0.9992
S_179	example	0	0.9999	0.0007	0.9699
S_18	example	0	0.9999	0.0007	0.9238
S_180	example	0	0.9999	0.0007	0.9699
S_181	example	0	0.9999	0.0007	0.9520
S_182	example	0	0.9999	0.0007	0.9953
S_183	example	0	0.9999	0.0007	0.9953
S_184	example	0	0.9999	0.0007	0.9812
S_185	example	0	0.9999	0.0007	0.9970
S_186	example	0	0.9999	0.0007	0.9882
S_187	example	0	0.9999	0.0007	0.9882
S_188	example	0	0.9999	0.0007	0.9238
S_189	example	0	0.9999	0.0007	0.9925
S_19	example	0	0.9999	0.0007	0.8802
S_190	example	0	0.9999	0.0007	0.9699
S_191	example	0	0.9999	0.0007	0.9520
S_192	example	0	0.9999	0.0007	0.9812
S_193	example	0	0.9999	0.0007	0.9699
S_194	example	0	0.9999	0.0007	0.9970
S_195	example	0	0.9999	0.0007	0.9882
S_196	example	0	0.9999	0.0007	0.9812
S_197	example	0	0.9999	0.0007	0.9925
S_198	example	0	0.9999	0.0007	0.9925
S_199	example	0	0.9999	0.0007	0.9812
S_2	example	0	0.9999	0.0007	0.8156
S_20	example	0	0.9999	0.0007	0.8802
S_200	example	0	0.9999	0.0007	0.9699
S_201	example	0	0.9999	0.0007	0.8156
S_202	example	0	0.9999	0.0007	0.9520
S_203	example	0	0.9999	0.0007	0.9925
S_204	example	0	0.9999	0.0007	0.8156
S_205	example	0	0.9999	0.0007	0.9812
S_206	example	0	0.9999	0.0007	0.8156
S_207	example	0	0.9999	0.0007	0.9699
S_208	example	0	0.9999	0.0007	0.9970
S_209	example	0	0.9999	0.0007	0.9981
S_21	example	0	0.9999	0.0007	0.9953
S_210	example	0	0.9999	0.0007	0.9699
S_211	example	0	0.9999	0.0007	0.9882
S_212	example	0	0.9999	0.0007	0.9925
S_213	example	0	0.9999	0.0007	0.9925
S_214	example	0	0.9999	0.0007	0.9970
S_215	example	0	0.9999	0.0007	0.9988
S_216	example	0	0.9999	0.0007	0.8156
S_217	example	0	0.9999	0.0007	0.9882
S_218	example	0	0.9999	0.0007	0.9812
S_219	example	0	0.9999	0.0007	0.9925
S_22	example	0	0.9999	0.0007	0.9699
S_220	example	0	0.9999	0.0007	0.9812
S_221	example	0	0.9999	0.0007	0.6101
S_222	example	0	0.9999	0.0007	0.9981
S_223	example	0	0.9999	0.0007	0.9238
S_224	example	0	0.9999	0.0007	0.9812
S_225	example	0	0.9999	0.0007	0.9882
S_226	example	0	0.9999	0.0007	0.9953
S_227	example	0	0.9999	0.0007	0.9520
S_228	example	0	0.9999	0.0007	0.9238
S_229	example	0	0.9999	0.0007	0.8156
S_23	example	0	0.9999	0.0007	0.9520
S_230	example	0	0.9999	0.0007	0.9953
S_231	example	0	0.9999	0.0007	0.9812
S_232	example	0	0.9999	0.0007	0.9970
S_233	example	0	0.9999	0.0007	0.9520
S_234	example	0	0.9999	0.0007	0.9925
S_235	example	0	0.9999	0.0007	0.8802
S_236	example	0	0.9999	0.0007	0.9970
S_237	example	0	0.9999	0.0007	0.9997
S_238	example	0	0.9999	0.0007	0.9988
S_239	example	0	0.9999	0.0007	0.9812
S_24	example	0	0.9999	0.0007	0.9699
S_240	example	0	0.9999	0.0007	0.8802
S_241	example	0	0.9999	0.0007	0.9981
S_242	example	0	0.9999	0.0007	0.9988
S_243	example	0	0.9999	0.0007	0.9238
S_244	example	0	0.9999	0.0007	0.9988
S_245	example	0	0.9999	0.0007	0.9882
S_246	example	0	0.9999	0.0007	0.9812
S_247	example	0	0.9999	0.0007	0.9997
S_248	example	0	0.9999	0.0007	0.8802
S_249	example	0	0.9999	0.0007	0.7254
S_25	example	0	0.9999	0.0007	0.9970
S_250	example	0	0.9999	0.0007	0.9238
S_251	example	0	0.9999	0.0007	0.9970
S_252	example	0	0.9999	0.0007	0.8802
S_253	example	0	0.9999	0.0007	0.9812
S_254	example	0	0.9999	0.0007	0.9812
S_255	example	0	0.9999	0.0007	0.9699
S_256	example	0	0.9999	0.0007	0.8802
S_257	example	0	0.9999	0.0007	0.9238
S_258	example	0	0.9999	0.0007	0.9988
S_259	example	0	0.9999	0.0007	0.9812
S_26	example	0	0.9999	0.0007	0.9953
S_260	example	0	0.9999	0.0007	0.9882
S_261	example	0	0.9999	0.0007	0.9925
S_262	example	0	0.9999	0.0007	0.9953
S_263	example	0	0.9999	0.0007	0.8802
S_264	example	0	0.9999	0.0007	0.8156
S_265	example	0	0.9999	0.0007	0.9953
S_266	example	0	0.9999	0.0007	0.9238
S_267	example	0	0.9999	0.0007	0.9699
S_268	example	0	0.9999	0.0007	0.8156
S_269	example	0	0.9999	0.0007	0.9925
S_27	example	0	0.9999	0.0007	0.9882
S_270	example	0	0.9999	0.0007	0.9699
S_271	example	0	0.9999	0.0007	0.9238
S_272	example	0	0.9999	0.0007	0.9812
S_273	example	0	0.9999	0.0007	0.8156
S_274	example	0	0.9999	0.0007	0.9882
S_275	example	0	0.9999	0.0007	0.9238
S_276	example	0	0.9999	0.0007	0.9520
S_277	example	0	0.9999	0.0007	0.9520
S_278	example	0	0.9999	0.0007	0.8802
S_279	example	0	0.9999	0.0007	0.9520
S_28	example	0	0.9999	0.0007	0.8802
S_280	example	0	0.9999	0.0007	0.9953
S_281	example	0	0.9999	0.0007	0.9953
S_282	example	0	0.9999	0.0007	0.9882
S_283	example	0	0.9999	0.0007	0.9970
S_284	example	0	0.9999	0.0007	0.9882
S_285	example	0	0.9999	0.0007	0.9953
S_286	example	0	0.9999	0.0007	0.8802
S_287	example	0	0.9999	0.0007	0.9953
S_288	example	0	0.9999	0.0007	0.9699
S_289	example	0	0.9999	0.0007	0.9925
S_29	example	0	0.9999	0.0007	0.9520
S_290	example	0	0.9999	0.0007	0.9953
S_291	example	0	0.9999	0.0007	0.9988
S_292	example	0	0.9999	0.0007	0.8156
S_293	example	0	0.9999	0.0007	0.9238
S_294	example	0	0.9999	0.0007	0.9882
S_295	example	0	0.9999	0.0007	0.9925
S_296	example	0	0.9999	0.0007	0.9699
S_297	example	0	0.9999	0.0007	0.8156
S_298	example	0	0.9999	0.0007	0.9812
S_299	example	0	0.9999	0.0007	0.9812
S_3	example	0	0.9999	0.0007	0.9812
S_30	example	0	0.9999	0.0007	0.9953
S_300	example	0	0.9999	0.0007	0.9699
S_301	example	0	0.9999	0.0007	0.9953
S_302	example	0	0.9999	0.0007	0.9988
S_303	example	0	0.9999	0.0007	0.9953
S_304	example	0	0.9999	0.0007	0.9882
S_305	example	0	0.9999	0.0007	0.9812
S_306	example	0	0.9999	0.0007	0.8802
S_307	example	0	0.9999	0.0007	0.9812
S_308	example	0	0.9999	0.0007	0.9925
S_309	example	0	0.9999	0.0007	0.9520
S_31	example	0	0.9999	0.0007	0.9699
S_310	example	0	0.9999	0.0007	0.9970
S_311	example	0	0.9999	0.0007	0.9988
S_312	example	0	0.9999	0.0007	0.9882
S_313	example	0	0.9999	0.0007	0.9981
S_314	example	0	0.9999	0.0007	0.9520
S_315	example	0	0.9999	0.0007	0.9882
S_316	example	0	0.9999	0.0007	0.8156
S_317	example	0	0.9999	0.0007	0.6101
S_318	example	0	0.9999	0.0007	0.9699
S_319	example	0	0.9999	0.0007	0.9812
S_32	example	0	0.9999	0.0007	0.9882
S_320	example	0	0.9999	0.0007	0.9981
S_321	example	0	0.9999	0.0007	0.9812
S_322	example	0	0.9999	0.0007	0.9995
S_323	example	0	0.9999	0.0007	0.9981
S_324	example	0	0.9999	0.0007	0.8156
S_325	example	0	0.9999	0.0007	0.9970
S_326	example	0	0.9999	0.0007	0.8802
S_327	example	0	0.9999	0.0007	0.9812
S_328	example	0	0.9999	0.0007	0.9882
S_329	example	0	0.9999	0.0007	0.4791
S_33	example	0	0.9999	0.0007	0.9981
S_330	example	0	0.9999	0.0007	0.9998
S_331	example	0	0.9999	0.0007	0.9981
S_332	example	0	0.9999	0.0007	0.9925
S_333	example	0	0.9999	0.0007	0.9520
S_334	example	0	0.9999	0.0007	0.9882
S_335	example	0	0.9999	0.0007	0.9882
S_336	example	0	0.9999	0.0007	0.9970
S_337	example	0	0.9999	0.0007	0.9238
S_338	example	0	0.9999	0.0007	0.9882
S_339	example	0	0.9999	0.0007	0.8156
S_34	example	0	0.9999	0.0007	0.9812
S_340	example	0	0.9999	0.0007	0.9238
S_341	example	0	0.9999	0.0007	0.9520
S_342	example	0	0.9999	0.0007	0.9520
S_343	example	0	0.9999	0.0007	0.9970
S_344	example	0	0.9999	0.0007	0.9699
S_345	example	0	0.9999	0.0007	0.9925
S_346	example	0	0.9999	0.0007	0.9882
S_347	example	0	0.9999	0.0007	0.9812
S_348	example	0	0.9999	0.0007	0.9970
S_349	example	0	0.9999	0.0007	0.9925
S_35	example	0	0.9999	0.0007	0.9882
S_350	example	0	0.9999	0.0007	0.9812
S_351	example	0	0.9999	0.0007	0.8156
S_352	example	0	0.9999	0.0007	0.7254
S_353	example	0	0.9999	0.0007	0.9970
S_354	example	0	0.9999	0.0007	0.9953
S_355	example	0	0.9999	0.0007	0.9520
S_356	example	0	0.9999	0.0007	0.9925
S_357	example	0	0.9999	0.0007	0.9953
S_358	example	0	0.9999	0.0007	0.9238
S_359	example	0	0.9999	0.0007	0.9699
S_36	example	0	0.9999	0.0007	0.9925
S_360	example	0	0.9999	0.0007	0.9925
S_361	example	0	0.9999	0.0007	0.9995
S_362	example	0	0.9999	0.0007	0.9925
S_363	example	0	0.9999	0.0007	0.9981
S_364	example	0	0.9999	0.0007	0.9238
S_365	example	0	0.9999	0.0007	0.9925
S_366	example	0	0.9999	0.0007	0.9882
S_367	example	0	0.9999	0.0007	0.9953
S_368	example	0	0.9999	0.0007	0.9882
S_369	example	0	0.9999	0.0007	0.9970
S_37	example	0	0.9999	0.0007	0.9981
S_370	example	0	0.9999	0.0007	0.9520
S_371	example	0	0.9999	0.0007	0.9699
S_372	example	0	0.9999	0.0007	0.9238
S_373	example	0	0.9999	0.0007	0.9925
S_374	example	0	0.9999	0.0007	0.9925
S_375	example	0	0.9999	0.0007	0.8156
S_376	example	0	0.9999	0.0007	0.9925
S_377	example	0	0.9999	0.0007	0.7254
S_378	example	0	0.9999	0.0007	0.9970
S_379	example	0	0.9999	0.0007	0.9970
S_38	example	0	0.9999	0.0007	0.9882
S_380	example	0	0.9999	0.0007	0.9812
S_381	example	0	0.9999	0.0007	0.9925
S_382	example	0	0.9999	0.0007	0.9699
S_383	example	0	0.9999	0.0007	0.9882
S_384	example	0	0.9999	0.0007	0.9699
S_385	example	0	0.9999	0.0007	0.9812
S_386	example	0	0.9999	0.0007	0.9970
S_387	example	0	0.9999	0.0007	0.9238
S_388	example	0	0.9999	0.0007	0.8802
S_389	example	0	0.9999	0.0007	0.8802
S_39	example	0	0.9999	0.0007	0.9520
S_390	example	0	0.9999	0.0007	0.8156
S_391	example	0	0.9999	0.0007	0.9882
S_392	example	0	0.9999	0.0007	0.9882
S_393	example	0	0.9999	0.0007	0.9995
S_394	example	0	0.9999	0.0007	0.8802
S_395	example	0	0.9999	0.0007	0.9953
S_396	example	0	0.9999	0.0007	0.9988
S_397	example	0	0.9999	0.0007	0.8802
S_398	example	0	0.9999	0.0007	0.9925
S_399	example	0	0.9999	0.0007	0.9238
S_4	example	0	0.9999	0.0007	0.9925
S_40	example	0	0.9999	0.0007	0.9520
S_400	example	0	0.9999	0.0007	0.9812
S_401	example	0	0.9999	0.0007	0.9520
S_402	example	0	0.9999	0.0007	0.9699
S_403	example	0	0.9999	0.0007	0.9238
S_404	example	0	0.9999	0.0007	0.8156
S_405	example	0	0.9999	0.0007	0.9699
S_406	example	0	0.9999	0.0007	0.9970
S_407	example	0	0.9999	0.0007	0.9812
S_408	example	0	0.9999	0.0007	0.3491
S_409	example	0	0.9999	0.0007	0.9238
S_41	example	0	0.9999	0.0007	0.8802
S_410	example	0	0.9999	0.0007	0.7254
S_411	example	0	0.9999	0.0007	0.9953
S_412	example	0	0.9999	0.0007	0.9970
S_413	example	0	0.9999	0.0007	0.9882
S_414	example	0	0.9999	0.0007	0.7254
S_415	example	0	0.9999	0.0007	0.9238
S_416	example	0	0.9999	0.0007	0.9925
S_417	example	0	0.9999	0.0007	0.9699
S_418	example	0	0.9999	0.0007	0.9925
S_419	example	0	0.9999	0.0007	0.9812
S_42	example	0	0.9999	0.0007	0.9882
S_420	example	0	0.9999	0.0007	0.9520
S_421	example	0	0.9999	0.0007	0.9882
S_422	example	0	0.9999	0.0007	0.9970
S_423	example	0	0.9999	0.0007	0.9699
S_424	example	0	0.9999	0.0007	0.9953
S_425	example	0	0.9999	0.0007	0.9812
S_426	example	0	0.9999	0.0007	0.9699
S_427	example	0	0.9999	0.0007	0.8802
S_428	example	0	0.9999	0.0007	0.9699
S_429	example	0	0.9999	0.0007	0.9970
S_43	example	0	0.9999	0.0007	0.9882
S_430	example	0	0.9999	0.0007	0.9699
S_431	example	0	0.9999	0.0007	0.9953
S_432	example	0	0.9999	0.0007	0.9699
S_433	example	0	0.9999	0.0007	0.9699
S_434	example	0	0.9999	0.0007	0.9925
S_435	example	0	0.9999	0.0007	0.9998
S_436	example	0	0.9999	0.0007	0.9699
S_437	example	0	0.9999	0.0007	0.9882
S_438	example	0	0.9999	0.0007	0.9925
S_439	example	0	0.9999	0.0007	0.9882
S_44	example	0	0.9999	0.0007	0.9882
S_440	example	0	0.9999	0.0007	0.9812
S_441	example	0	0.9999	0.0007	0.9953
S_442	example	0	0.9999	0.0007	0.9520
S_443	example	0	0.9999	0.0007	0.9988
S_444	example	0	0.9999	0.0007	0.9925
S_445	example	0	0.9999	0.0007	0.9953
S_446	example	0	0.9999	0.0007	0.9995
S_447	example	0	0.9999	0.0007	0.9953
S_448	example	0	0.9999	0.0007	0.9953
S_449	example	0	0.9999	0.0007	0.8156
S_45	example	0	0.9999	0.0007	0.9238
S_450	example	0	0.9999	0.0007	0.9238
S_451	example	0	0.9999	0.0007	0.9953
S_452	example	0	0.9999	0.0007	0.9812
S_453	example	0	0.9999	0.0007	0.9925
S_454	example	0	0.9999	0.0007	0.9953
S_455	example	0	0.9999	0.0007	0.9925
S_456	example	0	0.9999	0.0007	0.9925
S_457	example	0	0.9999	0.0007	0.9238
S_458	example	0	0.9999	0.0007	0.9812
S_459	example	0	0.9999	0.0007	0.9953
S_46	example	0	0.9999	0.0007	0.9238
S_460	example	0	0.9999	0.0007	0.9520
S_461	example	0	0.9999	0.0007	0.9953
S_462	example	0	0.9999	0.0007	0.9812
S_463	example	0	0.9999	0.0007	0.9953
S_464	example	0	0.9999	0.0007	0.7254
S_465	example	0	0.9999	0.0007	0.9925
S_466	example	0	0.9999	0.0007	0.8802
S_467	example	0	0.9999	0.0007	0.9699
S_468	example	0	0.9999	0.0007	0.8156
S_469	example	0	0.9999	0.0007	0.9699
S_47	example	0	0.9999	0.0007	0.9995
S_470	example	0	0.9999	0.0007	0.8802
S_471	example	0	0.9999	0.0007	0.9953
S_472	example	0	0.9999	0.0007	0.9992
S_473	example	0	0.9999	0.0007	0.9970
S_474	example	0	0.9999	0.0007	0.9953
S_475	example	0	0.9999	0.0007	0.9882
S_476	example	0	0.9999	0.0007	0.9925
S_477	example	0	0.9999	0.0007	0.9988
S_478	example	0	0.9999	0.0007	0.9882
S_479	example	0	0.9999	0.0007	0.9925
S_48	example	0	0.9999	0.0007	0.9812
S_480	example	0	0.9999	0.0007	0.9699
S_481	example	0	0.9999	0.0007	0.9699
S_482	example	0	0.9999	0.0007	0.9520
S_483	example	0	0.9999	0.0007	0.9520
S_484	example	0	0.9999	0.0007	0.9812
S_485	example	0	0.9999	0.0007	0.9925
S_486	example	0	0.9999	0.0007	0.9992
S_487	example	0	0.9999	0.0007	1.0000
S_488	example	0	0.9999	0.0007	0.8156
S_489	example	0	0.9999	0.0007	0.9520
S_49	example	0	0.9999	0.0007	0.8802
S_490	example	0	0.9999	0.0007	0.9812
S_491	example	0	0.9999	0.0007	0.8802
S_492	example	0	0.9999	0.0007	0.9882
S_493	example	0	0.9999	0.0007	0.9812
S_494	example	0	0.9999	0.0007	0.9882
S_495	example	0	0.9999	0.0007	0.9812
S_496	example	0	0.9999	0.0007	0.9882
S_497	example	0	0.9999	0.0007	0.9988
S_498	example	0	0.9999	0.0007	0.9812
S_499	example	0	0.9999	0.0007	0.9981
S_5	example	0	0.9999	0.0007	0.9699
S_50	example	0	0.9999	0.0007	0.9925
S_500	example	0	0.9999	0.0007	0.9699
S_501	example	0	0.9999	0.0007	0.9981
S_502	example	0	0.9999	0.0007	0.7254
S_503	example	0	0.9999	0.0007	0.9699
S_504	example	0	0.9999	0.0007	0.9812
S_505	example	0	0.9999	0.0007	0.9882
S_506	example	0	0.9999	0.0007	0.9812
S_507	example	0	0.9999	0.0007	0.9699
S_508	example	0	0.9999	0.0007	0.9812
S_509	example	0	0.9999	0.0007	0.9953
S_51	example	0	0.9999	0.0007	0.9925
S_510	example	0	0.9999	0.0007	0.9953
S_511	example	0	0.9999	0.0007	0.9953
S_512	example	0	0.9999	0.0007	0.9699
S_513	example	0	0.9999	0.0007	0.9812
S_514	example	0	0.9999	0.0007	0.9981
S_515	example	0	0.9999	0.0007	0.9970
S_516	example	0	0.9999	0.0007	0.9699
S_517	example	0	0.9999	0.0007	0.9238
S_518	example	0	0.9999	0.0007	0.9882
S_519	example	0	0.9999	0.0007	0.9699
S_52	example	0	0.9999	0.0007	0.9988
S_520	example	0	0.9999	0.0007	0.9981
S_521	example	0	0.9999	0.0007	0.9812
S_522	example	0	0.9999	0.0007	0.9953
S_523	example	0	0.9999	0.0007	0.9699
S_524	example	0	0.9999	0.0007	0.9699
S_525	example	0	0.9999	0.0007	0.9925
S_526	example	0	0.9999	0.0007	0.9925
S_527	example	0	0.9999	0.0007	0.9992
S_528	example	0	0.9999	0.0007	0.9882
S_529	example	0	0.9999	0.0007	0.9812
S_53	example	0	0.9999	0.0007	0.9981
S_530	example	0	0.9999	0.0007	0.9925
S_531	example	0	0.9999	0.0007	0.8802
S_532	example	0	0.9999	0.0007	0.9520
S_533	example	0	0.9999	0.0007	0.8802
S_534	example	0	0.9999	0.0007	0.9992
S_535	example	0	0.9999	0.0007	0.9981
S_536	example	0	0.9999	0.0007	0.9970
S_537	example	0	0.9999	0.0007	0.9699
S_538	example	0	0.9999	0.0007	0.9812
S_539	example	0	0.9999	0.0007	0.9970
S_54	example	0	0.9999	0.0007	0.9520
S_540	example	0	0.9999	0.0007	0.9925
S_541	example	0	0.9999	0.0007	0.9699
S_542	example	0	0.9999	0.0007	0.9812
S_543	example	0	0.9999	0.0007	0.9699
S_544	example	0	0.9999	0.0007	0.7254
S_545	example	0	0.9999	0.0007	0.9882
S_546	example	0	0.9999	0.0007	0.9238
S_547	example	0	0.9999	0.0007	0.9970
S_548	example	0	0.9999	0.0007	0.9520
S_549	example	0	0.9999	0.0007	0.9953
S_55	example	0	0.9999	0.0007	0.9970
S_550	example	0	0.9999	0.0007	0.9970
S_551	example	0	0.9999	0.0007	0.9970
S_552	example	0	0.9999	0.0007	0.9520
S_553	example	0	0.9999	0.0007	0.9520
S_554	example	0	0.9999	0.0007	0.9981
S_555	example	0	0.9999	0.0007	0.9970
S_556	example	0	0.9999	0.0007	0.9995
S_557	example	0	0.9999	0.0007	0.8156
S_558	example	0	0.9999	0.0007	0.9699
S_559	example	0	0.9999	0.0007	0.9699
S_56	example	0	0.9999	0.0007	0.7254
S_560	example	0	0.9999	0.0007	0.9925
S_561	example	0	0.9999	0.0007	0.7254
S_562	example	0	0.9999	0.0007	0.9981
S_563	example	0	0.9999	0.0007	0.9699
S_564	example	0	0.9999	0.0007	0.9699
S_565	example	0	0.9999	0.0007	0.8156
S_566	example	0	0.9999	0.0007	0.9238
S_567	example	0	0.9999	0.0007	0.9520
S_568	example	0	0.9999	0.0007	0.6101
S_569	example	0	0.9999	0.0007	0.9699
S_57	example	0	0.9999	0.0007	0.9812
S_570	example	0	0.9999	0.0007	0.7254
S_571	example	0	0.9999	0.0007	0.9520
S_572	example	0	0.9999	0.0007	0.9238
S_573	example	0	0.9999	0.0007	0.9699
S_574	example	0	0.9999	0.0007	0.9981
S_575	example	0	0.9999	0.0007	0.9238
S_576	example	0	0.9999	0.0007	0.9953
S_577	example	0	0.9999	0.0007	0.9992
S_578	example	0	0.9999	0.0007	0.9925
S_579	example	0	0.9999	0.0007	0.7254
S_58	example	0	0.9999	0.0007	0.8156
S_580	example	0	0.9999	0.0007	0.9988
S_581	example	0	0.9999	0.0007	0.9988
S_582	example	0	0.9999	0.0007	0.9882
S_583	example	0	0.9999	0.0007	0.9520
S_584	example	0	0.9999	0.0007	0.9812
S_585	example	0	0.9999	0.0007	0.9699
S_586	example	0	0.9999	0.0007	0.9699
S_587	example	0	0.9999	0.0007	0.9988
S_588	example	0	0.9999	0.0007	0.9812
S_589	example	0	0.9999	0.0007	0.9997
S_59	example	0	0.9999	0.0007	0.9699
S_590	example	0	0.9999	0.0007	0.9882
S_591	example	0	0.9999	0.0007	0.9812
S_592	example	0	0.9999	0.0007	0.9699
S_593	example	0	0.9999	0.0007	0.8802
S_594	example	0	0.9999	0.0007	0.9981
S_595	example	0	0.9999	0.0007	0.9882
S_596	example	0	0.9999	0.0007	0.9998
S_597	example	0	0.9999	0.0007	0.9238
S_598	example	0	0.9999	0.0007	0.8802
S_599	example	0	0.9999	0.0007	0.9970
S_6	example	0	0.9999	0.0007	0.9520
S_60	example	0	0.9999	0.0007	0.8802
S_600	example	0	0.9999	0.0007	0.9925
S_601	example	0	0.9999	0.0007	0.9988
S_602	example	0	0.9999	0.0007	0.6101
S_603	example	0	0.9999	0.0007	0.9699
S_604	example	0	0.9999	0.0007	0.9925
S_605	example	0	0.9999	0.0007	0.7254
S_606	example	0	0.9999	0.0007	0.9882
S_607	example	0	0.9999	0.0007	0.9925
S_608	example	0	0.9999	0.0007	0.9699
S_609	example	0	0.9999	0.0007	0.7254
S_61	example	0	0.9999	0.0007	0.9882
S_610	example	0	0.9999	0.0007	0.9882
S_611	example	0	0.9999	0.0007	0.9988
S_612	example	0	0.9999	0.0007	0.9925
S_613	example	0	0.9999	0.0007	0.8802
S_614	example	0	0.9999	0.0007	0.9970
S_615	example	0	0.9999	0.0007	0.9699
S_616	example	0	0.9999	0.0007	0.7254
S_617	example	0	0.9999	0.0007	0.9812
S_618	example	0	0.9999	0.0007	0.9520
S_619	example	0	0.9999	0.0007	0.9970
S_62	example	0	0.9999	0.0007	0.9520
S_620	example	0	0.9999	0.0007	0.9925
S_621	example	0	0.9999	0.0007	0.9953
S_622	example	0	0.9999	0.0007	0.9238
S_623	example	0	0.9999	0.0007	0.9970
S_624	example	0	0.9999	0.0007	0.9520
S_625	example	0	0.9999	0.0007	0.9882
S_626	example	0	0.9999	0.0007	0.9882
S_627	example	0	0.9999	0.0007	0.8156
S_628	example	0	0.9999	0.0007	0.9699
S_629	example	0	0.9999	0.0007	0.9812
S_63	example	0	0.9999	0.0007	0.9970
S_630	example	0	0.9999	0.0007	0.9812
S_631	example	0	0.9999	0.0007	0.9925
S_632	example	0	0.9999	0.0007	0.9988
S_633	example	0	0.9999	0.0007	0.9925
S_634	example	0	0.9999	0.0007	0.8156
S_635	example	0	0.9999	0.0007	0.9925
S_636	example	0	0.9999	0.0007	0.9981
S_637	example	0	0.9999	0.0007	0.9520
S_638	example	0	0.9999	0.0007	0.9970
S_639	example	0	0.9999	0.0007	0.9520
S_64	example	0	0.9999	0.0007	0.9238
S_640	example	0	0.9999	0.0007	0.9699
S_641	example	0	0.9999	0.0007	0.9812
S_642	example	0	0.9999	0.0007	0.9812
S_643	example	0	0.9999	0.0007	0.8156
S_644	example	0	0.9999	0.0007	0.9925
S_645	example	0	0.9999	0.0007	0.9699
S_646	example	0	0.9999	0.0007	0.9520
S_647	example	0	0.9999	0.0007	0.8802
S_648	example	0	0.9999	0.0007	0.9699
S_649	example	0	0.9999	0.0007	0.9953
S_65	example	0	0.9999	0.0007	0.9992
S_650	example	0	0.9999	0.0007	0.9520
S_651	example	0	0.9999	0.0007	0.9699
S_652	example	0	0.9999	0.0007	0.9882
S_653	example	0	0.9999	0.0007	0.9699
S_654	example	0	0.9999	0.0007	0.9812
S_655	example	0	0.9999	0.0007	0.9925
S_656	example	0	0.9999	0.0007	0.9238
S_657	example	0	0.9999	0.0007	0.9699
S_658	example	0	0.9999	0.0007	0.9981
S_659	example	0	0.9999	0.0007	0.9970
S_66	example	0	0.9999	0.0007	0.9925
S_660	example	0	0.9999	0.0007	0.9988
S_661	example	0	0.9999	0.0007	0.8156
S_662	example	0	0.9999	0.0007	0.9699
S_663	example	0	0.9999	0.0007	0.9998
S_664	example	0	0.9999	0.0007	0.9812
S_665	example	0	0.9999	0.0007	0.9988
S_666	example	0	0.9999	0.0007	0.9953
S_667	example	0	0.9999	0.0007	0.9970
S_668	example	0	0.9999	0.0007	0.9970
S_669	example	0	0.9999	0.0007	0.8802
S_67	example	0	0.9999	0.0007	0.9970
S_670	example	0	0.9999	0.0007	0.9812
S_671	example	0	0.9999	0.0007	0.9925
S_672	example	0	0.9999	0.0007	0.8802
S_673	example	0	0.9999	0.0007	0.8802
S_674	example	0	0.9999	0.0007	0.9953
S_675	example	0	0.9999	0.0007	0.9882
S_676	example	0	0.9999	0.0007	0.9812
S_677	example	0	0.9999	0.0007	0.9520
S_678	example	0	0.9999	0.0007	0.9882
S_679	example	0	0.9999	0.0007	0.9953
S_68	example	0	0.9999	0.0007	0.3491
S_680	example	0	0.9999	0.0007	0.9925
S_681	example	0	0.9999	0.0007	0.9520
S_682	example	0	0.9999	0.0007	0.9925
S_683	example	0	0.9999	0.0007	0.9520
S_684	example	0	0.9999	0.0007	0.9981
S_685	example	0	0.9999	0.0007	0.9812
S_686	example	0	0.9999	0.0007	0.9970
S_687	example	0	0.9999	0.0007	0.9988
S_688	example	0	0.9999	0.0007	0.9882
S_689	example	0	0.9999	0.0007	0.9953
S_69	example	0	0.9999	0.0007	0.9925
S_690	example	0	0.9999	0.0007	0.9953
S_691	example	0	0.9999	0.0007	0.9882
S_692	example	0	0.9999	0.0007	0.9953
S_693	example	0	0.9999	0.0007	0.9882
S_694	example	0	0.9999	0.0007	0.9953
S_695	example	0	0.9999	0.0007	0.9238
S_696	example	0	0.9999	0.0007	0.9988
S_697	example	0	0.9999	0.0007	0.9882
S_698	example	0	0.9999	0.0007	0.8156
S_699	example	0	0.9999	0.0007	0.9925
S_7	example	0	0.9999	0.0007	0.9699
S_70	example	0	0.9999	0.0007	0.9699
S_700	example	0	0.9999	0.0007	0.7254
S_701	example	0	0.9999	0.0007	0.9925
S_702	example	0	0.9999	0.0007	0.9238
S_703	example	0	0.9999	0.0007	0.9953
S_704	example	0	0.9999	0.0007	0.8802
S_705	example	0	0.9999	0.0007	0.9812
S_706	example	0	0.9999	0.0007	0.9238
S_707	example	0	0.9999	0.0007	0.7254
S_708	example	0	0.9999	0.0007	0.9238
S_709	example	0	0.9999	0.0007	0.9812
S_71	example	0	0.9999	0.0007	0.9988
S_710	example	0	0.9999	0.0007	0.9238
S_711	example	0	0.9999	0.0007	0.9812
S_712	example	0	0.9999	0.0007	0.8802
S_713	example	0	0.9999	0.0007	0.9953
S_714	example	0	0.9999	0.0007	0.9812
S_715	example	0	0.9999	0.0007	0.9988
S_716	example	0	0.9999	0.0007	0.9238
S_717	example	0	0.9999	0.0007	0.9988
S_718	example	0	0.9999	0.0007	0.9812
S_719	example	0	0.9999	0.0007	0.9925
S_72	example	0	0.9999	0.0007	0.9953
S_720	example	0	0.9999	0.0007	0.9238
S_721	example	0	0.9999	0.0007	0.9520
S_722	example	0	0.9999	0.0007	0.9925
S_723	example	0	0.9999	0.0007	0.9925
S_724	example	0	0.9999	0.0007	0.9699
S_725	example	0	0.9999	0.0007	0.9995
S_726	example	0	0.9999	0.0007	0.9970
S_727	example	0	0.9999	0.0007	0.9925
S_728	example	0	0.9999	0.0007	0.9520
S_729	example	0	0.9999	0.0007	0.9238
S_73	example	0	0.9999	0.0007	0.8802
S_730	example	0	0.9999	0.0007	0.9238
S_731	example	0	0.9999	0.0007	0.9970
S_732	example	0	0.9999	0.0007	0.9812
S_733	example	0	0.9999	0.0007	0.9925
S_734	example	0	0.9999	0.0007	0.7254
S_735	example	0	0.9999	0.0007	0.9238
S_736	example	0	0.9999	0.0007	0.9988
S_737	example	0	0.9999	0.0007	0.9953
S_738	example	0	0.9999	0.0007	0.8156
S_739	example	0	0.9999	0.0007	0.8802
S_74	example	0	0.9999	0.0007	0.9699
S_740	example	0	0.9999	0.0007	0.9238
S_741	example	0	0.9999	0.0007	0.9882
S_742	example	0	0.9999	0.0007	0.9520
S_743	example	0	0.9999	0.0007	0.9882
S_744	example	0	0.9999	0.0007	0.9882
S_745	example	0	0.9999	0.0007	0.9925
S_746	example	0	0.9999	0.0007	0.9925
S_747	example	0	0.9999	0.0007	0.8802
S_748	example	0	0.9999	0.0007	0.9988
S_749	example	0	0.9999	0.0007	0.9992
S_75	example	0	0.9999	0.0007	0.9882
S_750	example	0	0.9999	0.0007	0.9953
S_751	example	0	0.9999	0.0007	0.9988
S_752	example	0	0.9999	0.0007	0.9925
S_753	example	0	0.9999	0.0007	0.9238
S_754	example	0	0.9999	0.0007	0.8156
S_755	example	0	0.9999	0.0007	0.9882
S_756	example	0	0.9999	0.0007	0.9998
S_757	example	0	0.9999	0.0007	0.9812
S_758	example	0	0.9999	0.0007	0.9953
S_759	example	0	0.9999	0.0007	0.9238
S_76	example	0	0.9999	0.0007	0.9520
S_760	example	0	0.9999	0.0007	0.9981
S_761	example	0	0.9999	0.0007	0.9520
S_762	example	0	0.9999	0.0007	0.9812
S_763	example	0	0.9999	0.0007	0.9238
S_764	example	0	0.9999	0.0007	0.9925
S_765	example	0	0.9999	0.0007	0.9925
S_766	example	0	0.9999	0.0007	0.9520
S_767	example	0	0.9999	0.0007	0.9925
S_768	example	0	0.9999	0.0007	0.8156
S_769	example	0	0.9999	0.0007	0.9812
S_77	example	0	0.9999	0.0007	0.9812
S_770	example	0	0.9999	0.0007	0.9812
S_771	example	0	0.9999	0.0007	0.9925
S_772	example	0	0.9999	0.0007	0.9925
S_773	example	0	0.9999	0.0007	0.8156
S_774	example	0	0.9999	0.0007	0.9238
S_775	example	0	0.9999	0.0007	0.9953
S_776	example	0	0.9999	0.0007	0.9925
S_777	example	0	0.9999	0.0007	0.9970
S_778	example	0	0.9999	0.0007	0.9812
S_779	example	0	0.9999	0.0007	0.9925
S_78	example	0	0.9999	0.0007	0.9699
S_780	example	0	0.9999	0.0007	0.9520
S_781	example	0	0.9999	0.0007	0.9238
S_782	example	0	0.9999	0.0007	0.9699
S_783	example	0	0.9999	0.0007	0.8802
S_784	example	0	0.9999	0.0007	0.9812
S_785	example	0	0.9999	0.0007	0.9925
S_786	example	0	0.9999	0.0007	0.9520
S_787	example	0	0.9999	0.0007	0.9520
S_788	example	0	0.9999	0.0007	0.9953
S_789	example	0	0.9999	0.0007	0.9953
S_79	example	0	0.9999	0.0007	0.9812
S_790	example	0	0.9999	0.0007	0.9970
S_791	example	0	0.9999	0.0007	0.9520
S_792	example	0	0.9999	0.0007	0.9981
S_793	example	0	0.9999	0.0007	0.9812
S_794	example	0	0.9999	0.0007	0.9238
S_795	example	0	0.9999	0.0007	0.9238
S_796	example	0	0.9999	0.0007	0.9981
S_797	example	0	0.9999	0.0007	0.9925
S_798	example	0	0.9999	0.0007	0.9995
S_799	example	0	0.9999	0.0007	0.9882
S_8	example	0	0.9999	0.0007	0.9999
S_80	example	0	0.9999	0.0007	0.9998
S_800	example	0	0.9999	0.0007	0.9997
S_801	example	0	0.9999	0.0007	0.9238
S_802	example	0	0.9999	0.0007	0.9812
S_803	example	0	0.9999	0.0007	0.9882
S_804	example	0	0.9999	0.0007	0.9970
S_805	example	0	0.9999	0.0007	0.9812
S_806	example	0	0.9999	0.0007	0.9970
S_807	example	0	0.9999	0.0007	0.9812
S_808	example	0	0.9999	0.0007	0.9238
S_809	example	0	0.9999	0.0007	0.9970
S_81	example	0	0.9999	0.0007	0.9882
S_810	example	0	0.9999	0.0007	0.9520
S_811	example	0	0.9999	0.0007	0.9925
S_812	example	0	0.9999	0.0007	0.9238
S_813	example	0	0.9999	0.0007	0.9238
S_814	example	0	0.9999	0.0007	0.9981
S_815	example	0	0.9999	0.0007	0.9812
S_816	example	0	0.9999	0.0007	0.9995
S_817	example	0	0.9999	0.0007	0.9238
S_818	example	0	0.9999	0.0007	0.7254
S_819	example	0	0.9999	0.0007	0.9988
S_82	example	0	0.9999	0.0007	0.9981
S_820	example	0	0.9999	0.0007	0.9699
S_821	example	0	0.9999	0.0007	0.9238
S_822	example	0	0.9999	0.0007	0.9925
S_823	example	0	0.9999	0.0007	0.9812
S_824	example	0	0.9999	0.0007	0.9925
S_825	example	0	0.9999	0.0007	0.7254
S_826	example	0	0.9999	0.0007	0.9812
S_827	example	0	0.9999	0.0007	0.9882
S_828	example	0	0.9999	0.0007	0.9520
S_829	example	0	0.9999	0.0007	0.9699
S_83	example	0	0.9999	0.0007	0.9699
S_830	example	0	0.9999	0.0007	0.9699
S_831	example	0	0.9999	0.0007	0.9699
S_832	example	0	0.9999	0.0007	0.9925
S_833	example	0	0.9999	0.0007	0.9995
S_834	example	0	0.9999	0.0007	0.9882
S_835	example	0	0.9999	0.0007	0.9882
S_836	example	0	0.9999	0.0007	0.9953
S_837	example	0	0.9999	0.0007	0.9699
S_838	example	0	0.9999	0.0007	0.9988
S_839	example	0	0.9999	0.0007	0.8156
S_84	example	0	0.9999	0.0007	0.9953
S_840	example	0	0.9999	0.0007	0.9812
S_841	example	0	0.9999	0.0007	0.9520
S_842	example	0	0.9999	0.0007	0.9882
S_843	example	0	0.9999	0.0007	0.9882
S_844	example	0	0.9999	0.0007	0.9953
S_845	example	0	0.9999	0.0007	0.8156
S_846	example	0	0.9999	0.0007	0.9520
S_847	example	0	0.9999	0.0007	0.9699
S_848	example	0	0.9999	0.0007	0.8802
S_849	example	0	0.9999	0.0007	0.9238
S_85	example	0	0.9999	0.0007	0.9882
S_850	example	0	0.9999	0.0007	0.9520
S_851	example	0	0.9999	0.0007	0.9812
S_852	example	0	0.9999	0.0007	0.9812
S_853	example	0	0.9999	0.0007	0.9699
S_854	example	0	0.9999	0.0007	0.8156
S_855	example	0	0.9999	0.0007	0.9520
S_856	example	0	0.9999	0.0007	0.8802
S_857	example	0	0.9999	0.0007	0.9699
S_858	example	0	0.9999	0.0007	0.9699
S_859	example	0	0.9999	0.0007	0.9520
S_86	example	0	0.9999	0.0007	0.9699
S_860	example	0	0.9999	0.0007	0.9520
S_861	example	0	0.9999	0.0007	0.9953
S_862	example	0	0.9999	0.0007	0.9699
S_863	example	0	0.9999	0.0007	0.9970
S_864	example	0	0.9999	0.0007	0.9882
S_865	example	0	0.9999	0.0007	0.9699
S_866	example	0	0.9999	0.0007	0.9970
S_867	example	0	0.9999	0.0007	0.9812
S_868	example	0	0.9999	0.0007	0.9953
S_869	example	0	0.9999	0.0007	0.9882
S_87	example	0	0.9999	0.0007	0.9925
S_870	example	0	0.9999	0.0007	0.9699
S_871	example	0	0.9999	0.0007	0.9953
S_872	example	0	0.9999	0.0007	0.9520
S_873	example	0	0.9999	0.0007	0.9988
S_874	example	0	0.9999	0.0007	0.8802
S_875	example	0	0.9999	0.0007	0.9953
S_876	example	0	0.9999	0.0007	0.9953
S_877	example	0	0.9999	0.0007	0.9882
S_878	example	0	0.9999	0.0007	0.8156
S_879	example	0	0.9999	0.0007	0.9988
S_88	example	0	0.9999	0.0007	0.9970
S_880	example	0	0.9999	0.0007	0.9699
S_881	example	0	0.9999	0.0007	0.9953
S_882	example	0	0.9999	0.0007	0.9925
S_883	example	0	0.9999	0.0007	0.9992
S_884	example	0	0.9999	0.0007	0.9925
S_885	example	0	0.9999	0.0007	0.8156
S_886	example	0	0.9999	0.0007	0.9812
S_887	example	0	0.9999	0.0007	0.9882
S_888	example	0	0.9999	0.0007	0.9925
S_889	example	0	0.9999	0.0007	0.9970
S_89	example	0	0.9999	0.0007	0.9997
S_890	example	0	0.9999	0.0007	0.9699
S_891	example	0	0.9999	0.0007	0.9699
S_892	example	0	0.9999	0.0007	0.9953
S_893	example	0	0.9999	0.0007	0.8802
S_894	example	0	0.9999	0.0007	0.9970
S_895	example	0	0.9999	0.0007	0.9812
S_896	example	0	0.9999	0.0007	0.9812
S_897	example	0	0.9999	0.0007	0.9238
S_898	example	0	0.9999	0.0007	0.9882
S_899	example	0	0.9999	0.0007	0.9812
S_9	example	0	0.9999	0.0007	0.9520
S_90	example	0	0.9999	0.0007	0.9988
S_900	example	0	0.9999	0.0007	0.9812
S_901	example	0	0.9999	0.0007	0.7254
S_902	example	0	0.9999	0.0007	0.9953
S_903	example	0	0.9999	0.0007	0.8802
S_904	example	0	0.9999	0.0007	0.6101
S_905	example	0	0.9999	0.0007	0.9981
S_906	example	0	0.9999	0.0007	0.8802
S_907	example	0	0.9999	0.0007	0.9998
S_908	example	0	0.9999	0.0007	0.9970
S_909	example	0	0.9999	0.0007	0.9953
S_91	example	0	0.9999	0.0007	0.9520
S_910	example	0	0.9999	0.0007	0.9812
S_911	example	0	0.9999	0.0007	0.9812
S_912	example	0	0.9999	0.0007	0.8802
S_913	example	0	0.9999	0.0007	0.9981
S_914	example	0	0.9999	0.0007	0.9953
S_915	example	0	0.9999	0.0007	0.9812
S_916	example	0	0.9999	0.0007	0.9925
S_917	example	0	0.9999	0.0007	0.9953
S_918	example	0	0.9999	0.0007	0.9925
S_919	example	0	0.9999	0.0007	0.9520
S_92	example	0	0.9999	0.0007	0.9970
S_920	example	0	0.9999	0.0007	0.9882
S_921	example	0	0.9999	0.0007	0.7254
S_922	example	0	0.9999	0.0007	0.7254
S_923	example	0	0.9999	0.0007	0.9925
S_924	example	0	0.9999	0.0007	0.9988
S_925	example	0	0.9999	0.0007	0.9699
S_926	example	0	0.9999	0.0007	0.9699
S_927	example	0	0.9999	0.0007	0.9520
S_928	example	0	0.9999	0.0007	0.9812
S_929	example	0	0.9999	0.0007	0.9953
S_93	example	0	0.9999	0.0007	0.9981
S_930	example	0	0.9999	0.0007	0.9812
S_931	example	0	0.9999	0.0007	0.9812
S_932	example	0	0.9999	0.0007	0.9882
S_933	example	0	0.9999	0.0007	0.9925
S_934	example	0	0.9999	0.0007	0.9992
S_935	example	0	0.9999	0.0007	0.9812
S_936	example	0	0.9999	0.0007	0.6101
S_937	example	0	0.9999	0.0007	0.9812
S_938	example	0	0.9999	0.0007	0.9953
S_939	example	0	0.9999	0.0007	0.9812
S_94	example	0	0.9999	0.0007	0.9981
S_940	example	0	0.9999	0.0007	0.9812
S_941	example	0	0.9999	0.0007	0.9520
S_942	example	0	0.9999	0.0007	0.9812
S_943	example	0	0.9999	0.0007	0.9812
S_944	example	0	0.9999	0.0007	0.8156
S_945	example	0	0.9999	0.0007	0.8802
S_946	example	0	0.9999	0.0007	0.9992
S_947	example	0	0.9999	0.0007	0.9925
S_948	example	0	0.9999	0.0007	0.9882
S_949	example	0	0.9999	0.0007	0.9953
S_95	example	0	0.9999	0.0007	0.9925
S_950	example	0	0.9999	0.0007	0.9812
S_951	example	0	0.9999	0.0007	0.9812
S_952	example	0	0.9999	0.0007	0.9953
S_953	example	0	0.9999	0.0007	0.9953
S_954	example	0	0.9999	0.0007	0.9970
S_955	example	0	0.9999	0.0007	0.9238
S_956	example	0	0.9999	0.0007	0.9953
S_957	example	0	0.9999	0.0007	0.9882
S_958	example	0	0.9999	0.0007	0.9970
S_959	example	0	0.9999	0.0007	0.9925
S_96	example	0	0.9999	0.0007	0.9981
S_960	example	0	0.9999	0.0007	0.9699
S_961	example	0	0.9999	0.0007	0.9812
S_962	example	0	0.9999	0.0007	0.9953
S_963	example	0	0.9999	0.0007	0.9999
S_964	example	0	0.9999	0.0007	0.9925
S_965	example	0	0.9999	0.0007	0.9882
S_966	example	0	0.9999	0.0007	0.9882
S_967	example	0	0.9999	0.0007	0.9953
S_968	example	0	0.9999	0.0007	0.9882
S_969	example	0	0.9999	0.0007	0.9238
S_97	example	0	0.9999	0.0007	0.9997
S_970	example	0	0.9999	0.0007	0.9925
S_971	example	0	0.9999	0.0007	0.9988
S_972	example	0	0.9999	0.0007	0.9981
S_973	example	0	0.9999	0.0007	0.9970
S_974	example	0	0.9999	0.0007	0.9812
S_975	example	0	0.9999	0.0007	0.9925
S_976	example	0	0.9999	0.0007	0.9812
S_977	example	0	0.9999	0.0007	0.9520
S_978	example	0	0.9999	0.0007	0.9812
S_979	example	0	0.9999	0.0007	0.6101
S_98	example	0	0.9999	0.0007	0.9699
S_980	example	0	0.9999	0.0007	0.9812
S_981	example	0	0.9999	0.0007	0.9925
S_982	example	0	0.9999	0.0007	0.9882
S_983	example	0	0.9999	0.0007	0.9238
S_984	example	0	0.9999	0.0007	0.9520
S_985	example	0	0.9999	0.0007	0.9699
S_986	example	0	0.9999	0.0007	0.9988
S_987	example	0	0.9999	0.0007	0.9925
S_988	example	0	0.9999	0.0007	0.9699
S_989	example	0	0.9999	0.0007	0.9953
S_99	example	0	0.9999	0.0007	0.9812
S_990	example	0	0.9999	0.0007	0.9882
S_991	example	0	0.9999	0.0007	0.8156
S_992	example	0	0.9999	0.0007	0.9992
S_993	example	0	0.9999	0.0007	0.9520
S_994	example	0	0.9999	0.0007	0.9882
S_995	example	0	0.9999	0.0007	0.8156
S_996	example	0	0.9999	0.0007	0.9988
S_997	example	0	0.9999	0.0007	0.9812
S_998	example	0	0.9999	0.0007	0.9925
S_999	example	0	0.9999	0.0007	0.9520
