chrom	pos	gtype	var	ref
1	7185	1,1,1.0	1	57
1	173711	1,1,1.0	5	39
1	188651	1,1,1.0	2	56
1	208727	1,1,1.0	2	39
1	268172	1,1,1.0	5	37
1	276366	1,1,1.0	1	43
1	320072	1,1,1.0	10	31
1	421659	1,1,1.0	3	51
1	447408	1,1,1.0	4	36
1	461955	1,1,1.0	17	38
1	468144	1,1,1.0	3	41
1	479769	1,1,1.0	4	38
1	489613	1,1,1.0	2	42
1	492849	1,1,1.0	1	32
1	509860	1,1,1.0	4	40
1	574802	1,1,1.0	10	47
1	586552	1,1,1.0	5	34
1	615357	1,1,1.0	3	40
1	619714	1,1,1.0	2	36
1	641213	1,1,1.0	3	33
1	657572	1,1,1.0	10	46
1	715566	1,1,1.0	3	44
1	841982	1,1,1.0	6	44
1	872694	1,1,1.0	3	60
1	873480	1,1,1.0	2	51
1	887318	1,1,1.0	5	52
1	901138	1,1,1.0	3	44
1	905846	1,1,1.0	10	31
1	905873	1,1,1.0	3	50
1	906777	1,1,1.0	4	56
1	910717	1,1,1.0	1	62
1	948074	1,1,1.0	7	41
1	998014	1,1,1.0	4	36
1	1048952	1,1,1.0	3	34
1	1096194	1,1,1.0	1	31
1	1117692	1,1,1.0	1	44
1	1242477	1,1,1.0	1	52
1	1274873	1,1,1.0	2	36
1	1285981	1,1,1.0	8	35
1	1355634	1,1,1.0	6	27
1	1364653	1,1,1.0	1	41
1	1371186	1,1,1.0	4	47
1	1378195	1,1,1.0	1	41
1	1381558	1,1,1.0	6	46
1	1386845	1,1,1.0	3	43
1	1431311	1,1,1.0	17	37
1	1442935	1,1,1.0	4	48
1	1620651	1,1,1.0	3	33
1	1631215	1,1,1.0	6	38
1	1777564	1,1,1.0	11	28
1	1778971	1,1,1.0	5	53
1	1881968	1,1,1.0	8	46
1	1945295	1,1,1.0	2	37
1	1965002	1,1,1.0	7	34
1	1968673	1,1,1.0	2	40
1	1987931	1,1,1.0	1	47
1	2032601	1,1,1.0	7	41
1	2082475	1,1,1.0	1	47
1	2092808	1,1,1.0	6	40
1	2239684	1,1,1.0	7	40
1	2251914	1,1,1.0	2	41
1	2271951	1,1,1.0	13	28
1	2295880	1,1,1.0	4	39
1	2348722	1,1,1.0	4	37
1	2350583	1,1,1.0	2	51
1	2366575	1,1,1.0	1	45
1	2452819	1,1,1.0	8	37
1	2462555	1,1,1.0	4	26
1	2551163	1,1,1.0	5	47
1	2679134	1,1,1.0	4	51
1	2696543	1,1,1.0	3	45
1	2746107	1,1,1.0	5	34
1	2766757	1,1,1.0	10	49
1	2829326	1,1,1.0	5	45
1	2903919	1,1,1.0	2	47
1	2976405	1,1,1.0	3	50
1	3036216	1,1,1.0	7	37
1	3134500	1,1,1.0	1	39
1	3187414	1,1,1.0	2	40
1	3238014	1,1,1.0	2	39
1	3248076	1,1,1.0	6	36
1	3251347	1,1,1.0	3	41
1	3285754	1,1,1.0	8	40
1	3321680	1,1,1.0	2	27
1	3659567	1,1,1.0	6	41
1	3701386	1,1,1.0	10	38
1	3758454	1,1,1.0	3	39
1	3762543	1,1,1.0	1	49
1	3821990	1,1,1.0	6	31
1	3833500	1,1,1.0	6	30
1	3844649	1,1,1.0	2	30
1	4008319	1,1,1.0	7	39
1	4080828	1,1,1.0	8	35
1	4132513	1,1,1.0	6	40
1	4156881	1,1,1.0	3	49
1	4159568	1,1,1.0	4	58
1	4223937	1,1,1.0	2	40
1	4233170	1,1,1.0	7	40
1	4298202	1,1,1.0	3	49
1	4313450	1,1,1.0	5	40
1	4351945	1,1,1.0	4	44
1	4360847	1,1,1.0	5	33
1	4405634	1,1,1.0	5	34
1	4416535	1,1,1.0	16	33
1	4451011	1,1,1.0	8	36
1	4465594	1,1,1.0	3	46
1	4487503	1,1,1.0	4	36
1	4488232	1,1,1.0	1	38
1	4495061	1,1,1.0	5	33
1	4510356	1,1,1.0	1	40
1	4512768	1,1,1.0	3	47
1	4750709	1,1,1.0	2	48
1	4758767	1,1,1.0	6	32
1	4758855	1,1,1.0	12	33
1	4828735	1,1,1.0	4	37
1	4838248	1,1,1.0	2	47
1	4844197	1,1,1.0	3	27
1	4871857	1,1,1.0	11	44
1	4880965	1,1,1.0	1	47
1	4892275	1,1,1.0	11	52
1	4899053	1,1,1.0	1	42
1	4957218	1,1,1.0	2	31
1	4966077	1,1,1.0	6	39
1	4987621	1,1,1.0	3	42
1	5081317	1,1,1.0	4	39
1	5150773	1,1,1.0	5	47
1	5174728	1,1,1.0	3	41
1	5207999	1,1,1.0	1	46
1	5218987	1,1,1.0	4	44
1	5229325	1,1,1.0	8	39
1	5280698	1,1,1.0	1	46
1	5288189	1,1,1.0	1	36
1	5293820	1,1,1.0	7	35
1	5307804	1,1,1.0	4	32
1	5368990	1,1,1.0	5	44
1	5388175	1,1,1.0	2	36
1	5392091	1,1,1.0	1	50
1	5447524	1,1,1.0	4	39
1	5473568	1,1,1.0	3	42
1	5482576	1,1,1.0	4	44
1	5494492	1,1,1.0	4	50
1	5501971	1,1,1.0	6	42
1	5633747	1,1,1.0	5	46
1	5642515	1,1,1.0	5	46
1	5685841	1,1,1.0	2	66
1	5750021	1,1,1.0	7	50
1	5763423	1,1,1.0	1	40
1	5764990	1,1,1.0	1	35
1	5830887	1,1,1.0	3	36
1	5833461	1,1,1.0	4	44
1	5837949	1,1,1.0	5	44
1	5875531	1,1,1.0	1	36
1	5910489	1,1,1.0	4	40
1	5947813	1,1,1.0	3	40
1	5980358	1,1,1.0	1	38
1	5989468	1,1,1.0	3	42
1	6053771	1,1,1.0	1	34
1	6067397	1,1,1.0	12	25
1	6097076	1,1,1.0	2	46
1	6139143	1,1,1.0	2	55
1	6145637	1,1,1.0	2	36
1	6162521	1,1,1.0	2	35
1	6226611	1,1,1.0	1	46
1	6252325	1,1,1.0	1	44
1	6286769	1,1,1.0	10	27
1	6327907	1,1,1.0	9	37
1	6370114	1,1,1.0	5	48
1	6476371	1,1,1.0	8	37
1	6483134	1,1,1.0	2	45
1	6596416	1,1,1.0	7	46
1	6614498	1,1,1.0	3	41
1	6616975	1,1,1.0	4	43
1	6647517	1,1,1.0	6	31
1	6663483	1,1,1.0	6	32
1	6719359	1,1,1.0	5	42
1	6727671	1,1,1.0	11	40
1	6729159	1,1,1.0	1	40
1	6746253	1,1,1.0	2	35
1	6748092	1,1,1.0	7	41
1	6749092	1,1,1.0	7	38
1	6750404	1,1,1.0	4	37
1	6751220	1,1,1.0	1	50
1	6827875	1,1,1.0	3	42
1	6845232	1,1,1.0	1	54
1	6881709	1,1,1.0	3	53
1	6927616	1,1,1.0	3	42
1	7009479	1,1,1.0	19	24
1	7028644	1,1,1.0	7	21
1	7054758	1,1,1.0	2	44
1	7062932	1,1,1.0	7	39
1	7072052	1,1,1.0	1	40
1	7078509	1,1,1.0	3	49
1	7115024	1,1,1.0	3	37
1	7131287	1,1,1.0	2	41
1	7141713	1,1,1.0	5	28
1	7257626	1,1,1.0	10	33
1	7316487	1,1,1.0	7	45
1	7363246	1,1,1.0	3	52
1	7364316	1,1,1.0	3	40
1	7397317	1,1,1.0	1	42
1	7452064	1,1,1.0	6	29
1	7452268	1,1,1.0	3	42
1	7469032	1,1,1.0	1	47
1	7523845	1,1,1.0	3	40
1	7529294	1,1,1.0	3	37
1	7567721	1,1,1.0	2	38
1	7655061	1,1,1.0	8	26
1	7675756	1,1,1.0	6	34
1	7744738	1,1,1.0	3	32
1	7750837	1,1,1.0	2	35
1	7755553	1,1,1.0	2	34
1	7828773	1,1,1.0	9	43
1	7843501	1,1,1.0	1	43
1	7849472	1,1,1.0	3	30
1	7872070	1,1,1.0	9	31
1	7897292	1,1,1.0	3	49
1	7909613	1,1,1.0	4	46
1	7946402	1,1,1.0	2	43
1	7974065	1,1,1.0	2	42
1	7987264	1,1,1.0	10	40
1	8003232	1,1,1.0	2	35
1	8100184	1,1,1.0	2	49
1	8107177	1,1,1.0	4	39
1	8125976	1,1,1.0	7	44
1	8141364	1,1,1.0	5	44
1	8194396	1,1,1.0	6	37
1	8213587	1,1,1.0	3	55
1	8216904	1,1,1.0	2	46
1	8221175	1,1,1.0	1	39
1	8221420	1,1,1.0	6	37
1	8250044	1,1,1.0	2	37
1	8304408	1,1,1.0	8	45
1	8380934	1,1,1.0	4	51
1	8434375	1,1,1.0	3	54
1	8478686	1,1,1.0	4	43
1	8511894	1,1,1.0	4	41
1	8513412	1,1,1.0	1	51
1	8524189	1,1,1.0	2	47
1	8585615	1,1,1.0	4	45
1	8601167	1,1,1.0	17	27
1	8642307	1,1,1.0	8	45
1	8662132	1,1,1.0	3	46
1	8679181	1,1,1.0	9	43
1	8680028	1,1,1.0	9	35
1	8716581	1,1,1.0	5	39
1	8736961	1,1,1.0	3	35
1	8746635	1,1,1.0	4	38
1	8773282	1,1,1.0	9	26
1	8794405	1,1,1.0	6	35
1	8800858	1,1,1.0	4	45
1	8801763	1,1,1.0	5	37
1	8813329	1,1,1.0	1	44
1	8832129	1,1,1.0	1	47
1	8844294	1,1,1.0	7	39
1	8853404	1,1,1.0	9	32
1	8914251	1,1,1.0	1	35
1	8926440	1,1,1.0	11	30
1	8975212	1,1,1.0	5	44
1	9023832	1,1,1.0	4	51
1	9060539	1,1,1.0	2	44
1	9178357	1,1,1.0	3	43
1	9205386	1,1,1.0	3	40
1	9228588	1,1,1.0	1	43
1	9317851	1,1,1.0	7	45
1	9324353	1,1,1.0	4	37
1	9346304	1,1,1.0	4	41
1	9353497	1,1,1.0	2	46
1	9393916	1,1,1.0	4	41
1	9394663	1,1,1.0	5	41
1	9500931	1,1,1.0	2	53
1	9513914	1,1,1.0	2	43
1	9562643	1,1,1.0	7	27
1	9569451	1,1,1.0	5	42
1	9609293	1,1,1.0	4	34
1	9632603	1,1,1.0	3	43
1	9689154	1,1,1.0	10	31
1	9742392	1,1,1.0	6	45
1	9829223	1,1,1.0	11	25
1	9883419	1,1,1.0	15	32
1	9910753	1,1,1.0	15	32
1	9961096	1,1,1.0	5	35
1	9985895	1,1,1.0	11	37
1	10063958	1,1,1.0	12	29
1	10084331	1,1,1.0	11	40
1	10089836	1,1,1.0	9	31
1	10126443	1,1,1.0	5	36
1	10215130	1,1,1.0	7	26
1	10291928	1,1,1.0	10	35
1	10301585	1,1,1.0	14	37
1	10414055	1,1,1.0	12	32
1	10586640	1,1,1.0	4	37
1	10588848	1,1,1.0	7	42
1	10594087	1,1,1.0	11	29
1	10601614	1,1,1.0	11	34
1	10637708	1,1,1.0	11	30
1	10745606	1,1,1.0	10	35
1	10823875	1,1,1.0	8	36
1	10832050	1,1,1.0	9	40
1	11164816	1,1,1.0	7	34
1	11194947	1,1,1.0	10	28
1	11201439	1,1,1.0	11	38
1	11323546	1,1,1.0	17	34
1	11400020	1,1,1.0	23	44
1	11470769	1,1,1.0	6	28
1	11514336	1,1,1.0	11	42
1	11515025	1,1,1.0	17	33
1	11524114	1,1,1.0	11	34
1	11536429	1,1,1.0	8	27
1	11560038	1,1,1.0	17	37
1	11603680	1,1,1.0	12	25
1	11614165	1,1,1.0	12	41
1	11619185	1,1,1.0	8	33
1	11660826	1,1,1.0	11	27
1	11726543	1,1,1.0	12	25
1	11774003	1,1,1.0	4	37
1	11877545	1,1,1.0	9	40
1	11897313	1,1,1.0	14	32
1	11938319	1,1,1.0	13	26
1	11948654	1,1,1.0	9	29
1	11992722	1,1,1.0	13	44
1	12000205	1,1,1.0	10	39
1	12000254	1,1,1.0	9	53
1	12044674	1,1,1.0	1	43
1	12048492	1,1,1.0	9	31
1	12069403	1,1,1.0	11	30
1	12081454	1,1,1.0	7	30
1	12090783	1,1,1.0	12	32
1	12092735	1,1,1.0	10	36
1	12123247	1,1,1.0	10	42
1	12130077	1,1,1.0	19	40
1	12154785	1,1,1.0	11	33
1	12186828	1,1,1.0	11	36
1	12218182	1,1,1.0	13	33
1	12257439	1,1,1.0	6	40
1	12307525	1,1,1.0	10	30
1	12313683	1,1,1.0	10	30
1	12358222	1,1,1.0	10	55
1	12437648	1,1,1.0	14	31
1	12484450	1,1,1.0	9	37
1	12616614	1,1,1.0	9	30
1	12620773	1,1,1.0	15	28
1	12628671	1,1,1.0	12	38
1	12639081	1,1,1.0	6	43
1	12639260	1,1,1.0	20	28
1	12659909	1,1,1.0	10	32
1	12697708	1,1,1.0	13	33
1	12743789	1,1,1.0	14	27
1	12768224	1,1,1.0	10	36
1	12769476	1,1,1.0	16	40
1	12808547	1,1,1.0	15	36
1	12808670	1,1,1.0	12	29
1	12830316	1,1,1.0	12	49
1	12839325	1,1,1.0	15	37
1	12855751	1,1,1.0	12	39
1	12867703	1,1,1.0	7	42
1	12887027	1,1,1.0	7	40
1	12894117	1,1,1.0	13	32
1	12961733	1,1,1.0	12	37
1	13049579	1,1,1.0	15	34
1	13059737	1,1,1.0	14	29
1	13075913	1,1,1.0	13	46
1	13237185	1,1,1.0	13	28
1	13242521	1,1,1.0	12	34
1	13261366	1,1,1.0	5	42
1	13265521	1,1,1.0	12	32
1	13293951	1,1,1.0	11	32
1	13302823	1,1,1.0	10	30
1	13305856	1,1,1.0	10	34
1	13324217	1,1,1.0	7	35
1	13325933	1,1,1.0	7	43
1	13338927	1,1,1.0	12	24
1	13353647	1,1,1.0	12	27
1	13353969	1,1,1.0	15	29
1	13364794	1,1,1.0	11	32
1	13395737	1,1,1.0	8	31
1	13395796	1,1,1.0	8	36
1	13465484	1,1,1.0	9	37
1	13484205	1,1,1.0	6	44
1	13500247	1,1,1.0	10	36
1	13523868	1,1,1.0	9	32
1	13526034	1,1,1.0	9	31
1	13553828	1,1,1.0	9	36
1	13584202	1,1,1.0	11	21
1	13584372	1,1,1.0	10	27
1	13587121	1,1,1.0	5	25
1	13607748	1,1,1.0	13	29
1	13614096	1,1,1.0	18	32
1	13619167	1,1,1.0	16	29
1	13634998	1,1,1.0	12	33
1	13676718	1,1,1.0	7	35
1	13722701	1,1,1.0	15	39
1	13819284	1,1,1.0	16	33
1	13823662	1,1,1.0	15	29
1	13828331	1,1,1.0	9	39
1	13838594	1,1,1.0	16	31
1	13839517	1,1,1.0	12	44
1	13859146	1,1,1.0	9	37
1	13890993	1,1,1.0	9	39
1	13911655	1,1,1.0	13	34
1	13950456	1,1,1.0	11	31
1	13984890	1,1,1.0	9	35
1	13987838	1,1,1.0	6	38
1	14061880	1,1,1.0	16	45
1	14155682	1,1,1.0	14	35
1	14223288	1,1,1.0	9	39
1	14239910	1,1,1.0	12	31
1	14296381	1,1,1.0	11	28
1	14296569	1,1,1.0	8	34
1	14306095	1,1,1.0	18	34
1	14323577	1,1,1.0	6	32
1	14359926	1,1,1.0	18	25
1	14367592	1,1,1.0	11	36
1	14446735	1,1,1.0	24	25
1	14475365	1,1,1.0	10	46
1	14596199	1,1,1.0	16	28
1	14698189	1,1,1.0	11	31
1	14704549	1,1,1.0	14	29
1	14705462	1,1,1.0	8	32
1	14770953	1,1,1.0	15	27
1	14784482	1,1,1.0	15	32
1	14830229	1,1,1.0	12	21
1	14915398	1,1,1.0	7	30
1	14966312	1,1,1.0	13	42
1	14969063	1,1,1.0	8	41
1	15011686	1,1,1.0	13	36
1	15051158	1,1,1.0	4	41
1	15069827	1,1,1.0	6	36
1	15076294	1,1,1.0	8	39
1	15103564	1,1,1.0	12	39
1	15132942	1,1,1.0	17	41
1	15146878	1,1,1.0	6	46
1	15192948	1,1,1.0	14	27
1	15247629	1,1,1.0	10	26
1	15275037	1,1,1.0	7	34
1	15285068	1,1,1.0	16	20
1	15327157	1,1,1.0	13	35
1	15416871	1,1,1.0	18	41
1	15472528	1,1,1.0	16	32
1	15497519	1,1,1.0	15	34
1	15498609	1,1,1.0	12	26
1	15536543	1,1,1.0	6	39
1	15589851	1,1,1.0	5	37
1	15632111	1,1,1.0	15	34
1	15639654	1,1,1.0	15	31
1	15658897	1,1,1.0	13	36
1	15669649	1,1,1.0	8	39
1	15686643	1,1,1.0	12	38
1	15739227	1,1,1.0	12	45
1	15762512	1,1,1.0	16	36
1	15765636	1,1,1.0	18	27
1	15794123	1,1,1.0	6	31
1	15809430	1,1,1.0	14	39
1	15813094	1,1,1.0	15	21
1	15823578	1,1,1.0	6	28
1	15857429	1,1,1.0	10	31
1	15897141	1,1,1.0	10	33
1	15920136	1,1,1.0	10	30
1	15926018	1,1,1.0	10	45
1	15995216	1,1,1.0	9	37
1	16006581	1,1,1.0	15	37
1	16052988	1,1,1.0	14	31
1	16112175	1,1,1.0	9	36
1	16136127	1,1,1.0	14	33
1	16147242	1,1,1.0	9	23
1	16225910	1,1,1.0	16	48
1	16245603	1,1,1.0	6	43
1	16266575	1,1,1.0	11	29
1	16292833	1,1,1.0	9	24
1	16337830	1,1,1.0	9	34
1	16345662	1,1,1.0	7	31
1	16350607	1,1,1.0	9	34
1	16369900	1,1,1.0	9	37
1	16387045	1,1,1.0	11	30
1	16421207	1,1,1.0	10	33
1	16444007	1,1,1.0	12	33
1	16524604	1,1,1.0	13	35
1	16530977	1,1,1.0	10	35
1	16543856	1,1,1.0	11	36
1	16591373	1,1,1.0	8	29
1	16596174	1,1,1.0	13	35
1	16632939	1,1,1.0	5	33
1	16671161	1,1,1.0	9	45
1	16682133	1,1,1.0	18	29
1	16719437	1,1,1.0	23	23
1	16731123	1,1,1.0	6	40
1	16837201	1,1,1.0	7	40
1	16850858	1,1,1.0	10	42
1	16877818	1,1,1.0	11	37
1	16883301	1,1,1.0	13	36
1	16909116	1,1,1.0	7	30
1	16913700	1,1,1.0	13	42
1	16983839	1,1,1.0	13	33
1	17083149	1,1,1.0	8	42
1	17095529	1,1,1.0	13	22
1	17137871	1,1,1.0	14	37
1	17175288	1,1,1.0	14	28
1	17191219	1,1,1.0	13	37
1	17202529	1,1,1.0	5	28
1	17206230	1,1,1.0	12	28
1	17213200	1,1,1.0	15	35
1	17217061	1,1,1.0	19	43
1	17222937	1,1,1.0	11	36
1	17228093	1,1,1.0	10	35
1	17277108	1,1,1.0	17	29
1	17314659	1,1,1.0	7	32
1	17339704	1,1,1.0	13	38
1	17386311	1,1,1.0	18	40
1	17395069	1,1,1.0	8	32
1	17424985	1,1,1.0	8	30
1	17443490	1,1,1.0	14	30
1	17508837	1,1,1.0	13	34
1	17526775	1,1,1.0	12	26
1	17537394	1,1,1.0	10	42
1	17586761	1,1,1.0	15	37
1	17607320	1,1,1.0	14	32
1	17622087	1,1,1.0	9	25
1	17631784	1,1,1.0	13	26
1	17638705	1,1,1.0	15	28
1	17848103	1,1,1.0	9	34
1	17900248	1,1,1.0	17	34
1	17954405	1,1,1.0	16	43
1	17972048	1,1,1.0	8	29
1	17984622	1,1,1.0	8	40
1	18062792	1,1,1.0	13	35
1	18085234	1,1,1.0	10	27
1	18088679	1,1,1.0	5	33
1	18090409	1,1,1.0	9	34
1	18140845	1,1,1.0	13	26
1	18144476	1,1,1.0	16	24
1	18149306	1,1,1.0	6	29
1	18150841	1,1,1.0	18	24
1	18216492	1,1,1.0	9	35
1	18220964	1,1,1.0	7	26
1	18224933	1,1,1.0	11	31
1	18225805	1,1,1.0	11	44
1	18239832	1,1,1.0	11	35
1	18253376	1,1,1.0	11	35
1	18299008	1,1,1.0	4	42
1	18335984	1,1,1.0	23	28
1	18372165	1,1,1.0	18	33
1	18377081	1,1,1.0	19	23
1	18395513	1,1,1.0	11	34
1	18404527	1,1,1.0	7	34
1	18454994	1,1,1.0	13	40
1	18463087	1,1,1.0	15	35
1	18471705	1,1,1.0	12	36
1	18517367	1,1,1.0	13	31
1	18543232	1,1,1.0	6	39
1	18620572	1,1,1.0	10	22
1	18632093	1,1,1.0	5	41
1	18675104	1,1,1.0	12	39
1	18717456	1,1,1.0	5	36
1	18728834	1,1,1.0	13	28
1	18875872	1,1,1.0	10	27
1	18880342	1,1,1.0	7	33
1	18900201	1,1,1.0	15	28
1	18905846	1,1,1.0	12	27
1	18957237	1,1,1.0	8	28
1	18978262	1,1,1.0	13	38
1	19038223	1,1,1.0	9	43
1	19068967	1,1,1.0	13	32
1	19115088	1,1,1.0	12	40
1	19132630	1,1,1.0	14	42
1	19358868	1,1,1.0	8	41
1	19383022	1,1,1.0	8	38
1	19386854	1,1,1.0	13	31
1	19398034	1,1,1.0	12	24
1	19402483	1,1,1.0	6	28
1	19429445	1,1,1.0	17	41
1	19465110	1,1,1.0	12	25
1	19721358	1,1,1.0	7	37
1	19806574	1,1,1.0	10	48
1	19841732	1,1,1.0	15	36
1	19846904	1,1,1.0	11	46
1	19875411	1,1,1.0	11	33
1	19887713	1,1,1.0	10	33
1	19901686	1,1,1.0	10	31
1	19917390	1,1,1.0	8	21
1	19926280	1,1,1.0	7	40
1	19955257	1,1,1.0	20	24
1	20033850	1,1,1.0	22	38
1	20096913	1,1,1.0	12	28
1	20115819	1,1,1.0	15	47
1	20236313	1,1,1.0	10	39
1	20243580	1,1,1.0	12	39
1	20248328	1,1,1.0	16	37
1	20375802	1,1,1.0	13	41
1	20385760	1,1,1.0	11	35
1	20389107	1,1,1.0	14	33
1	20417562	1,1,1.0	16	30
1	20481229	1,1,1.0	14	32
1	20492531	1,1,1.0	25	21
1	20534533	1,1,1.0	10	31
1	20569087	1,1,1.0	9	42
1	20573802	1,1,1.0	8	39
1	20576472	1,1,1.0	7	27
1	20631925	1,1,1.0	17	25
1	20685221	1,1,1.0	12	47
1	20698580	1,1,1.0	11	42
1	20746925	1,1,1.0	10	38
1	20757245	1,1,1.0	12	36
1	20760651	1,1,1.0	5	40
1	20761532	1,1,1.0	11	27
1	20793594	1,1,1.0	18	34
1	20816812	1,1,1.0	13	28
1	20817051	1,1,1.0	11	27
1	20841173	1,1,1.0	13	30
1	20853861	1,1,1.0	9	30
1	20923401	1,1,1.0	13	24
1	20967790	1,1,1.0	7	43
1	20996959	1,1,1.0	13	31
1	20999663	1,1,1.0	14	28
1	21004054	1,1,1.0	7	33
1	21106113	1,1,1.0	14	29
1	21164129	1,1,1.0	12	32
1	21176509	1,1,1.0	18	32
1	21213549	1,1,1.0	22	33
1	21230991	1,1,1.0	18	30
1	21231024	1,1,1.0	13	26
1	21234767	1,1,1.0	8	28
1	21290750	1,1,1.0	9	30
1	21303446	1,1,1.0	11	35
1	21326552	1,1,1.0	9	40
1	21342591	1,1,1.0	14	31
1	21394824	1,1,1.0	17	38
1	21464019	1,1,1.0	15	30
1	21506466	1,1,1.0	8	28
1	21538542	1,1,1.0	23	33
1	21547792	1,1,1.0	8	35
1	21570374	1,1,1.0	13	30
1	21580429	1,1,1.0	15	39
1	21715651	1,1,1.0	3	56
1	21761141	1,1,1.0	19	26
1	21783330	1,1,1.0	15	38
1	21844985	1,1,1.0	14	27
1	21996912	1,1,1.0	6	30
1	22009553	1,1,1.0	14	32
1	22020350	1,1,1.0	12	28
1	22026021	1,1,1.0	18	28
1	22034281	1,1,1.0	11	27
1	22103461	1,1,1.0	8	22
1	22186974	1,1,1.0	12	34
1	22366415	1,1,1.0	10	32
1	22374240	1,1,1.0	12	35
1	22383733	1,1,1.0	11	41
1	22399390	1,1,1.0	9	34
1	22408980	1,1,1.0	11	33
1	22488608	1,1,1.0	6	26
1	22494891	1,1,1.0	11	39
1	22503706	1,1,1.0	10	30
1	22526851	1,1,1.0	9	30
1	22543973	1,1,1.0	12	32
1	22605102	1,1,1.0	14	43
1	22617183	1,1,1.0	8	37
1	22700811	1,1,1.0	8	31
1	22777534	1,1,1.0	12	28
1	22779355	1,1,1.0	10	26
1	22790025	1,1,1.0	16	44
1	22814395	1,1,1.0	7	39
1	22828857	1,1,1.0	14	31
1	22907529	1,1,1.0	10	35
1	22914966	1,1,1.0	13	33
1	22935679	1,1,1.0	13	33
1	22949080	1,1,1.0	6	43
1	23013874	1,1,1.0	13	32
1	23043571	1,1,1.0	9	28
1	23067071	1,1,1.0	14	34
1	23112393	1,1,1.0	9	32
1	23112855	1,1,1.0	7	26
1	23120816	1,1,1.0	11	26
1	23178922	1,1,1.0	14	30
1	23202614	1,1,1.0	12	38
1	23265800	1,1,1.0	6	28
1	23310670	1,1,1.0	6	40
1	23394687	1,1,1.0	17	49
1	23400031	1,1,1.0	15	44
1	23506322	1,1,1.0	8	32
1	23511956	1,1,1.0	12	38
1	23512040	1,1,1.0	11	24
1	23527864	1,1,1.0	14	26
1	23544463	1,1,1.0	7	30
1	23564251	1,1,1.0	17	30
1	23625067	1,1,1.0	14	39
1	23658320	1,1,1.0	12	44
1	23672286	1,1,1.0	12	39
1	23707823	1,1,1.0	12	24
1	23791250	1,1,1.0	21	22
1	23812996	1,1,1.0	10	26
1	23829151	1,1,1.0	8	35
1	23971123	1,1,1.0	5	29
1	24008104	1,1,1.0	9	32
1	24040494	1,1,1.0	11	33
1	24060982	1,1,1.0	10	27
1	24101229	1,1,1.0	12	46
1	24124109	1,1,1.0	16	26
1	24145940	1,1,1.0	10	32
1	24264454	1,1,1.0	12	38
1	24286147	1,1,1.0	14	40
1	24351646	1,1,1.0	12	28
1	24374306	1,1,1.0	17	36
1	24388346	1,1,1.0	25	29
1	24449002	1,1,1.0	7	37
1	24481431	1,1,1.0	18	35
1	24556349	1,1,1.0	13	32
1	24557468	1,1,1.0	12	28
1	24607997	1,1,1.0	12	40
1	24609661	1,1,1.0	15	25
1	24622604	1,1,1.0	20	24
1	24658773	1,1,1.0	13	33
1	24700578	1,1,1.0	8	38
1	24718066	1,1,1.0	13	36
1	24781664	1,1,1.0	12	31
1	24833429	1,1,1.0	19	36
1	24840292	1,1,1.0	10	37
1	24899714	1,1,1.0	11	25
1	24963204	1,1,1.0	8	31
1	25036494	1,1,1.0	8	34
1	25071318	1,1,1.0	9	34
1	25072608	1,1,1.0	18	44
1	25079029	1,1,1.0	6	36
1	25135350	1,1,1.0	12	32
1	25165468	1,1,1.0	10	31
1	25234866	1,1,1.0	12	24
1	25291328	1,1,1.0	7	39
1	25314041	1,1,1.0	11	38
1	25385138	1,1,1.0	14	35
1	25388593	1,1,1.0	9	26
1	25421443	1,1,1.0	10	22
1	25423926	1,1,1.0	8	32
1	25505544	1,1,1.0	12	32
1	25533876	1,1,1.0	11	31
1	25564948	1,1,1.0	3	22
1	25574052	1,1,1.0	9	33
1	25604400	1,1,1.0	10	30
1	25610634	1,1,1.0	13	38
1	25623672	1,1,1.0	14	29
1	25691118	1,1,1.0	7	29
1	25755234	1,1,1.0	11	43
1	25779742	1,1,1.0	12	27
1	25822819	1,1,1.0	8	31
1	25823605	1,1,1.0	13	25
1	25851885	1,1,1.0	4	42
1	25876073	1,1,1.0	15	37
1	25905918	1,1,1.0	14	30
1	25923711	1,1,1.0	9	31
1	26064335	1,1,1.0	11	28
1	26095368	1,1,1.0	8	27
1	26156450	1,1,1.0	9	33
1	26179329	1,1,1.0	4	33
1	26196160	1,1,1.0	15	33
1	26238772	1,1,1.0	9	38
1	26254002	1,1,1.0	10	34
1	26261749	1,1,1.0	8	40
1	26277107	1,1,1.0	12	28
1	26351945	1,1,1.0	12	28
1	26354574	1,1,1.0	16	27
1	26417527	1,1,1.0	10	32
1	26437653	1,1,1.0	11	30
1	26509261	1,1,1.0	10	37
1	26516318	1,1,1.0	14	37
1	26527952	1,1,1.0	17	28
1	26536066	1,1,1.0	13	28
1	26540032	1,1,1.0	17	29
1	26552824	1,1,1.0	9	32
1	26555483	1,1,1.0	10	28
1	26599512	1,1,1.0	10	32
1	26622231	1,1,1.0	9	24
1	26679576	1,1,1.0	8	44
1	26707407	1,1,1.0	12	37
1	26719331	1,1,1.0	7	31
1	26779942	1,1,1.0	11	43
1	26838513	1,1,1.0	13	24
1	26882197	1,1,1.0	9	29
1	26931067	1,1,1.0	9	36
1	26943251	1,1,1.0	10	38
1	26984685	1,1,1.0	9	36
1	26993817	1,1,1.0	11	24
1	27045057	1,1,1.0	6	33
1	27082283	1,1,1.0	9	37
1	27097465	1,1,1.0	13	26
1	27123357	1,1,1.0	11	26
1	27218442	1,1,1.0	10	37
1	27233809	1,1,1.0	12	26
1	27253118	1,1,1.0	10	32
1	27272540	1,1,1.0	16	40
1	27273316	1,1,1.0	8	31
1	27282656	1,1,1.0	10	33
1	27292415	1,1,1.0	18	26
1	27319723	1,1,1.0	15	38
1	27327756	1,1,1.0	11	33
1	27351456	1,1,1.0	17	35
1	27355831	1,1,1.0	11	33
1	27372123	1,1,1.0	9	38
1	27409076	1,1,1.0	10	36
1	27414899	1,1,1.0	5	42
1	27445419	1,1,1.0	4	43
1	27468068	1,1,1.0	15	32
1	27536756	1,1,1.0	13	36
1	27571009	1,1,1.0	5	46
1	27626252	1,1,1.0	11	39
1	27633147	1,1,1.0	16	28
1	27638099	1,1,1.0	7	30
1	27735534	1,1,1.0	10	43
1	27784179	1,1,1.0	10	44
1	27854711	1,1,1.0	15	33
1	27872674	1,1,1.0	12	35
1	27905579	1,1,1.0	18	33
1	27930512	1,1,1.0	6	30
1	27937981	1,1,1.0	12	36
1	27948272	1,1,1.0	11	32
1	28001918	1,1,1.0	11	35
1	28037891	1,1,1.0	12	39
1	28076950	1,1,1.0	7	36
1	28142257	1,1,1.0	11	33
1	28180451	1,1,1.0	12	36
1	28202180	1,1,1.0	6	30
1	28247919	1,1,1.0	8	41
1	28290346	1,1,1.0	13	31
1	28422499	1,1,1.0	3	25
1	28487673	1,1,1.0	5	35
1	28491770	1,1,1.0	13	28
1	28643093	1,1,1.0	16	39
1	28687721	1,1,1.0	6	30
1	28719893	1,1,1.0	11	39
1	28751476	1,1,1.0	13	36
1	28811295	1,1,1.0	11	40
1	28811801	1,1,1.0	8	34
1	28845486	1,1,1.0	13	33
1	28880187	1,1,1.0	12	30
1	28979455	1,1,1.0	11	37
1	28985972	1,1,1.0	15	32
1	29001802	1,1,1.0	13	30
1	29011689	1,1,1.0	13	35
1	29049315	1,1,1.0	15	21
1	29051966	1,1,1.0	11	28
1	29127598	1,1,1.0	3	45
1	29129334	1,1,1.0	12	44
1	29188445	1,1,1.0	15	38
1	29263838	1,1,1.0	19	42
1	29307658	1,1,1.0	12	34
1	29340015	1,1,1.0	12	34
1	29356531	1,1,1.0	18	34
1	29367349	1,1,1.0	10	44
1	29381271	1,1,1.0	6	27
1	29394072	1,1,1.0	9	36
1	29428226	1,1,1.0	4	36
1	29435707	1,1,1.0	1	38
1	29441616	1,1,1.0	12	38
1	29460854	1,1,1.0	14	37
1	29473930	1,1,1.0	11	37
1	29528597	1,1,1.0	11	43
1	29530631	1,1,1.0	15	28
1	29555880	1,1,1.0	6	30
1	29563443	1,1,1.0	6	26
1	29586669	1,1,1.0	15	32
1	29678151	1,1,1.0	10	28
1	29691508	1,1,1.0	11	21
1	29722555	1,1,1.0	21	35
1	29783453	1,1,1.0	15	39
1	29814631	1,1,1.0	14	27
1	29823179	1,1,1.0	9	34
1	29864719	1,1,1.0	6	39
1	29928546	1,1,1.0	8	42
1	29941170	1,1,1.0	11	27
1	30030679	1,1,1.0	9	35
1	30149102	1,1,1.0	13	43
1	30169055	1,1,1.0	6	25
1	30194356	1,1,1.0	12	43
1	30194775	1,1,1.0	6	35
1	30217338	1,1,1.0	12	33
1	30226633	1,1,1.0	11	29
1	30238385	1,1,1.0	11	36
1	30260049	1,1,1.0	11	33
1	30270306	1,1,1.0	10	26
1	30324152	1,1,1.0	13	39
1	30338227	1,1,1.0	11	41
1	30433979	1,1,1.0	13	40
1	30464496	1,1,1.0	15	27
1	30544569	1,1,1.0	5	35
1	30545680	1,1,1.0	19	35
1	30577799	1,1,1.0	10	32
1	30621706	1,1,1.0	8	28
1	30719051	1,1,1.0	17	32
1	30742509	1,1,1.0	8	35
1	30770315	1,1,1.0	18	42
1	30770940	1,1,1.0	11	27
1	30848266	1,1,1.0	14	36
1	30909684	1,1,1.0	9	28
1	30963561	1,1,1.0	16	29
1	30976266	1,1,1.0	15	30
1	30987346	1,1,1.0	9	41
1	30992474	1,1,1.0	12	32
1	31005377	1,1,1.0	12	33
1	31012870	1,1,1.0	13	40
1	31026130	1,1,1.0	11	34
1	31097735	1,1,1.0	19	20
1	31151036	1,1,1.0	9	38
1	31194002	1,1,1.0	13	36
1	31206989	1,1,1.0	13	28
1	31326403	1,1,1.0	5	32
1	31352920	1,1,1.0	8	32
1	31375115	1,1,1.0	11	28
1	31408821	1,1,1.0	13	30
1	31433945	1,1,1.0	6	27
1	31471677	1,1,1.0	17	27
1	31494492	1,1,1.0	10	32
1	31512253	1,1,1.0	5	35
1	31526307	1,1,1.0	16	47
1	31527224	1,1,1.0	8	30
1	31538189	1,1,1.0	11	29
1	31620547	1,1,1.0	14	33
1	31620604	1,1,1.0	10	33
1	31683668	1,1,1.0	8	28
1	31702707	1,1,1.0	15	31
1	31713050	1,1,1.0	9	23
1	31789818	1,1,1.0	11	44
1	31807804	1,1,1.0	7	34
1	31815398	1,1,1.0	7	28
1	32004260	1,1,1.0	12	32
1	32037948	1,1,1.0	11	32
1	32080055	1,1,1.0	13	36
1	32084066	1,1,1.0	12	43
1	32147684	1,1,1.0	10	42
1	32156831	1,1,1.0	14	31
1	32210659	1,1,1.0	9	33
1	32232968	1,1,1.0	11	41
1	32236383	1,1,1.0	4	37
1	32296340	1,1,1.0	18	30
1	32366700	1,1,1.0	14	41
1	32387827	1,1,1.0	17	26
1	32400432	1,1,1.0	12	35
1	32444051	1,1,1.0	19	40
1	32445726	1,1,1.0	13	29
1	32480898	1,1,1.0	9	39
1	32513687	1,1,1.0	16	37
1	32609729	1,1,1.0	16	28
1	32626957	1,1,1.0	12	25
1	32673913	1,1,1.0	12	31
1	32696609	1,1,1.0	12	33
1	32769032	1,1,1.0	10	34
1	32877114	1,1,1.0	9	32
1	32905654	1,1,1.0	15	37
1	32916944	1,1,1.0	14	23
1	32955368	1,1,1.0	10	28
1	33003873	1,1,1.0	15	40
1	33007490	1,1,1.0	5	33
1	33045365	1,1,1.0	13	31
1	33069832	1,1,1.0	9	32
1	33127959	1,1,1.0	17	39
1	33140147	1,1,1.0	12	43
1	33191925	1,1,1.0	9	30
1	33291630	1,1,1.0	6	34
1	33540246	1,1,1.0	11	27
1	33609815	1,1,1.0	8	44
1	33712819	1,1,1.0	17	43
1	33795872	1,1,1.0	16	30
1	33821185	1,1,1.0	9	32
1	33823363	1,1,1.0	3	34
1	33865269	1,1,1.0	8	37
1	33876588	1,1,1.0	15	27
1	33909053	1,1,1.0	10	30
1	33923898	1,1,1.0	10	25
1	33930011	1,1,1.0	8	40
1	33976475	1,1,1.0	10	38
1	33991497	1,1,1.0	10	31
1	34032940	1,1,1.0	8	36
1	34038862	1,1,1.0	7	41
1	34085357	1,1,1.0	12	22
1	34099174	1,1,1.0	6	41
1	34173731	1,1,1.0	11	27
1	34217956	1,1,1.0	7	39
1	34227920	1,1,1.0	15	27
1	34244230	1,1,1.0	6	34
1	34248971	1,1,1.0	7	34
1	34282151	1,1,1.0	14	32
1	34353218	1,1,1.0	8	31
1	34378125	1,1,1.0	16	28
1	34453434	1,1,1.0	10	39
1	34472123	1,1,1.0	12	34
1	34560872	1,1,1.0	11	33
1	34628225	1,1,1.0	7	24
1	34643560	1,1,1.0	12	38
1	34647601	1,1,1.0	12	30
1	34673217	1,1,1.0	8	35
1	34734221	1,1,1.0	16	30
1	34753144	1,1,1.0	8	26
1	34808879	1,1,1.0	8	39
1	34847883	1,1,1.0	10	40
1	34877447	1,1,1.0	9	39
1	34949249	1,1,1.0	11	28
1	34951675	1,1,1.0	6	35
1	34960325	1,1,1.0	17	25
1	34989270	1,1,1.0	14	37
1	34993820	1,1,1.0	16	41
1	35001709	1,1,1.0	19	32
1	35017262	1,1,1.0	10	22
1	35019140	1,1,1.0	14	32
1	35072750	1,1,1.0	12	33
1	35245275	1,1,1.0	19	33
1	35245637	1,1,1.0	8	42
1	35256075	1,1,1.0	7	37
1	35256545	1,1,1.0	13	31
1	35262793	1,1,1.0	14	21
1	35264985	1,1,1.0	10	40
1	35293714	1,1,1.0	7	38
1	35307926	1,1,1.0	11	33
1	35374259	1,1,1.0	9	45
1	35460647	1,1,1.0	9	41
1	35548295	1,1,1.0	21	39
1	35589026	1,1,1.0	6	39
1	35686520	1,1,1.0	6	30
1	35692812	1,1,1.0	9	33
1	35763874	1,1,1.0	8	39
1	35822418	1,1,1.0	8	32
1	35834557	1,1,1.0	16	26
1	35951117	1,1,1.0	13	27
1	35955497	1,1,1.0	19	38
1	36007054	1,1,1.0	15	18
1	36019389	1,1,1.0	11	31
1	36036277	1,1,1.0	9	32
1	36037842	1,1,1.0	8	33
1	36064946	1,1,1.0	17	29
1	36093618	1,1,1.0	12	28
1	36100508	1,1,1.0	9	36
1	36112856	1,1,1.0	12	25
1	36200353	1,1,1.0	3	33
1	36237482	1,1,1.0	14	46
1	36298096	1,1,1.0	16	39
1	36356458	1,1,1.0	10	44
1	36414416	1,1,1.0	14	35
1	36420959	1,1,1.0	9	32
1	36512711	1,1,1.0	12	36
1	36620340	1,1,1.0	5	31
1	36625591	1,1,1.0	11	38
1	36645796	1,1,1.0	8	37
1	36742194	1,1,1.0	7	40
1	36764340	1,1,1.0	13	37
1	36771618	1,1,1.0	9	29
1	36772361	1,1,1.0	8	29
1	36793123	1,1,1.0	11	27
1	36868708	1,1,1.0	10	37
1	36930037	1,1,1.0	19	35
1	37000535	1,1,1.0	11	40
1	37017042	1,1,1.0	8	37
1	37071465	1,1,1.0	12	38
1	37094628	1,1,1.0	14	30
1	37118395	1,1,1.0	21	31
1	37133097	1,1,1.0	15	38
1	37160211	1,1,1.0	12	24
1	37172098	1,1,1.0	8	35
1	37226411	1,1,1.0	10	37
1	37237394	1,1,1.0	12	32
1	37335354	1,1,1.0	12	44
1	37373461	1,1,1.0	7	24
1	37442044	1,1,1.0	11	25
1	37442061	1,1,1.0	18	33
1	37449839	1,1,1.0	10	34
1	37491065	1,1,1.0	12	14
1	37530323	1,1,1.0	11	36
1	37565694	1,1,1.0	8	41
1	37719980	1,1,1.0	11	23
1	37742568	1,1,1.0	15	30
1	37806776	1,1,1.0	14	47
1	37820931	1,1,1.0	14	32
1	37843969	1,1,1.0	6	32
1	37854610	1,1,1.0	8	35
1	37927274	1,1,1.0	8	44
1	37940500	1,1,1.0	11	39
1	37954440	1,1,1.0	10	36
1	37964527	1,1,1.0	26	19
1	37975689	1,1,1.0	14	34
1	38020213	1,1,1.0	12	39
1	38060478	1,1,1.0	10	43
1	38082416	1,1,1.0	4	36
1	38089767	1,1,1.0	12	36
1	38141873	1,1,1.0	6	40
1	38214261	1,1,1.0	14	32
1	38236765	1,1,1.0	9	42
1	38250200	1,1,1.0	13	30
1	38259353	1,1,1.0	11	35
1	38316510	1,1,1.0	11	27
1	38441728	1,1,1.0	21	24
1	38445051	1,1,1.0	8	39
1	38457883	1,1,1.0	12	47
1	38473398	1,1,1.0	11	37
1	38616719	1,1,1.0	19	31
1	38662733	1,1,1.0	10	32
1	38672411	1,1,1.0	7	32
1	38752322	1,1,1.0	11	23
1	38773706	1,1,1.0	14	17
1	38781153	1,1,1.0	9	23
1	38782335	1,1,1.0	8	31
1	38847433	1,1,1.0	12	28
1	38865672	1,1,1.0	8	33
1	38913264	1,1,1.0	20	35
1	38915023	1,1,1.0	8	28
1	38919201	1,1,1.0	13	28
1	38995653	1,1,1.0	13	32
1	39001151	1,1,1.0	11	31
1	39042286	1,1,1.0	8	35
1	39083883	1,1,1.0	8	34
1	39097107	1,1,1.0	16	29
1	39169510	1,1,1.0	5	34
1	39201820	1,1,1.0	15	43
1	39208619	1,1,1.0	6	36
1	39228868	1,1,1.0	16	26
1	39324893	1,1,1.0	8	35
1	39326467	1,1,1.0	13	39
1	39342522	1,1,1.0	16	30
1	39399538	1,1,1.0	8	38
1	39401380	1,1,1.0	5	40
1	39406811	1,1,1.0	10	30
1	39503995	1,1,1.0	7	32
1	39564401	1,1,1.0	16	41
1	39567481	1,1,1.0	13	27
1	39576991	1,1,1.0	12	29
1	39619004	1,1,1.0	11	25
1	39647080	1,1,1.0	9	35
1	39681716	1,1,1.0	9	44
1	39800343	1,1,1.0	14	30
1	39825613	1,1,1.0	6	27
1	39884760	1,1,1.0	17	26
1	39893454	1,1,1.0	14	41
1	39915566	1,1,1.0	15	36
1	39919414	1,1,1.0	8	39
1	39922839	1,1,1.0	21	27
1	39924161	1,1,1.0	6	39
1	39945401	1,1,1.0	13	32
1	40005722	1,1,1.0	6	25
1	40013013	1,1,1.0	7	38
1	40041727	1,1,1.0	14	25
1	40049168	1,1,1.0	8	36
1	40068231	1,1,1.0	17	33
1	40272401	1,1,1.0	8	37
1	40331734	1,1,1.0	14	35
1	40351832	1,1,1.0	9	33
1	40397889	1,1,1.0	14	27
1	40429157	1,1,1.0	13	36
1	40470485	1,1,1.0	18	28
1	40510124	1,1,1.0	16	30
1	40530454	1,1,1.0	9	39
1	40539959	1,1,1.0	5	38
1	40542934	1,1,1.0	11	27
1	40547838	1,1,1.0	11	41
1	40617497	1,1,1.0	8	38
1	40662644	1,1,1.0	9	36
1	40675624	1,1,1.0	12	26
1	40686197	1,1,1.0	8	34
1	40698706	1,1,1.0	10	35
1	40705674	1,1,1.0	7	43
1	40712844	1,1,1.0	12	35
1	40720400	1,1,1.0	13	27
1	40755224	1,1,1.0	18	27
1	40796752	1,1,1.0	14	33
1	40798345	1,1,1.0	9	62
1	40823163	1,1,1.0	16	31
1	40838371	1,1,1.0	16	39
1	40848045	1,1,1.0	13	31
1	40888346	1,1,1.0	13	34
1	40893048	1,1,1.0	15	29
1	40931010	1,1,1.0	22	37
1	40934760	1,1,1.0	17	36
1	40936504	1,1,1.0	6	37
1	40950953	1,1,1.0	6	38
1	40968581	1,1,1.0	9	35
1	41079727	1,1,1.0	19	26
1	41082458	1,1,1.0	14	27
1	41113624	1,1,1.0	17	33
1	41122398	1,1,1.0	4	31
1	41138549	1,1,1.0	8	42
1	41140740	1,1,1.0	8	41
1	41160061	1,1,1.0	10	31
1	41161825	1,1,1.0	7	33
1	41166157	1,1,1.0	9	34
1	41242122	1,1,1.0	9	29
1	41249580	1,1,1.0	16	27
1	41258344	1,1,1.0	23	32
1	41274047	1,1,1.0	8	43
1	41293289	1,1,1.0	6	40
1	41314470	1,1,1.0	11	38
1	41330538	1,1,1.0	16	42
1	41356997	1,1,1.0	7	39
1	41371715	1,1,1.0	18	28
1	41422891	1,1,1.0	14	40
1	41426476	1,1,1.0	8	40
1	41444621	1,1,1.0	5	24
1	41514284	1,1,1.0	13	25
1	41523051	1,1,1.0	14	30
1	41526131	1,1,1.0	12	31
1	41534932	1,1,1.0	17	32
1	41559939	1,1,1.0	14	24
1	41623944	1,1,1.0	10	37
1	41684055	1,1,1.0	13	34
1	41686759	1,1,1.0	24	31
1	41981434	1,1,1.0	14	32
1	42002317	1,1,1.0	10	39
1	42011242	1,1,1.0	9	43
1	42018428	1,1,1.0	10	32
1	42062016	1,1,1.0	19	30
1	42067231	1,1,1.0	12	35
1	42071904	1,1,1.0	21	35
1	42191495	1,1,1.0	10	35
1	42221175	1,1,1.0	15	50
1	42311477	1,1,1.0	13	34
1	42330642	1,1,1.0	9	34
1	42337357	1,1,1.0	9	36
1	42342934	1,1,1.0	16	49
1	42355190	1,1,1.0	6	33
1	42358392	1,1,1.0	9	29
1	42362605	1,1,1.0	8	36
1	42377767	1,1,1.0	9	29
1	42405940	1,1,1.0	14	33
1	42463569	1,1,1.0	9	35
1	42549897	1,1,1.0	11	39
1	42563621	1,1,1.0	13	44
1	42588327	1,1,1.0	7	44
1	42604111	1,1,1.0	8	32
1	42638746	1,1,1.0	6	41
1	42668512	1,1,1.0	8	40
1	42678561	1,1,1.0	8	37
1	42741338	1,1,1.0	8	32
1	42821782	1,1,1.0	12	30
1	42840646	1,1,1.0	9	35
1	42848326	1,1,1.0	17	42
1	42882271	1,1,1.0	10	45
1	42913683	1,1,1.0	11	25
1	42921128	1,1,1.0	12	33
1	42938282	1,1,1.0	10	34
1	42955440	1,1,1.0	7	36
1	42998019	1,1,1.0	20	31
1	43030634	1,1,1.0	6	31
1	43041572	1,1,1.0	8	36
1	43059238	1,1,1.0	3	35
1	43088132	1,1,1.0	16	31
1	43196276	1,1,1.0	11	26
1	43204608	1,1,1.0	17	31
1	43206858	1,1,1.0	21	37
1	43232641	1,1,1.0	6	30
1	43237996	1,1,1.0	15	38
1	43280954	1,1,1.0	1	27
1	43297597	1,1,1.0	6	33
1	43337711	1,1,1.0	15	24
1	43338620	1,1,1.0	15	26
1	43353918	1,1,1.0	10	35
1	43372879	1,1,1.0	8	30
1	43400955	1,1,1.0	12	35
1	43435166	1,1,1.0	10	28
1	43442266	1,1,1.0	12	31
1	43471870	1,1,1.0	8	31
1	43522283	1,1,1.0	18	35
1	43538074	1,1,1.0	11	36
1	43546714	1,1,1.0	9	26
1	43588046	1,1,1.0	18	42
1	43676100	1,1,1.0	12	38
1	43719803	1,1,1.0	6	28
1	43740284	1,1,1.0	15	39
1	43744711	1,1,1.0	8	41
1	43763413	1,1,1.0	11	29
1	43788029	1,1,1.0	11	34
1	43797285	1,1,1.0	20	29
1	43873210	1,1,1.0	11	27
1	43893199	1,1,1.0	13	32
1	43978501	1,1,1.0	9	44
1	43980026	1,1,1.0	11	34
1	43985364	1,1,1.0	16	39
1	44035421	1,1,1.0	5	33
1	44052420	1,1,1.0	16	38
1	44087541	1,1,1.0	15	34
1	44093117	1,1,1.0	6	47
1	44095893	1,1,1.0	14	38
1	44125158	1,1,1.0	16	25
1	44133319	1,1,1.0	8	30
1	44149704	1,1,1.0	9	36
1	44234465	1,1,1.0	15	23
1	44264568	1,1,1.0	18	32
1	44274702	1,1,1.0	13	31
1	44277456	1,1,1.0	15	25
1	44299505	1,1,1.0	13	38
1	44421594	1,1,1.0	15	35
1	44431000	1,1,1.0	5	44
1	44434115	1,1,1.0	5	42
1	44453388	1,1,1.0	17	36
1	44458167	1,1,1.0	15	33
1	44473325	1,1,1.0	12	47
1	44475139	1,1,1.0	10	37
1	44503135	1,1,1.0	9	34
1	44523243	1,1,1.0	15	27
1	44577951	1,1,1.0	12	31
1	44644481	1,1,1.0	8	38
1	44708056	1,1,1.0	5	30
1	44749156	1,1,1.0	10	24
1	44776980	1,1,1.0	9	40
1	44779253	1,1,1.0	12	30
1	44816429	1,1,1.0	8	36
1	44824644	1,1,1.0	8	22
1	44827557	1,1,1.0	11	33
1	44866950	1,1,1.0	15	35
1	44867646	1,1,1.0	11	28
1	44899932	1,1,1.0	4	25
1	44909441	1,1,1.0	11	25
1	44976537	1,1,1.0	8	33
1	45002997	1,1,1.0	22	32
1	45030225	1,1,1.0	7	42
1	45049083	1,1,1.0	6	27
1	45054137	1,1,1.0	15	39
1	45120033	1,1,1.0	20	25
1	45138957	1,1,1.0	10	37
1	45177359	1,1,1.0	8	28
1	45215984	1,1,1.0	16	31
1	45269087	1,1,1.0	8	26
1	45280311	1,1,1.0	13	31
1	45306364	1,1,1.0	13	29
1	45446831	1,1,1.0	10	40
1	45448331	1,1,1.0	13	32
1	45473037	1,1,1.0	14	46
1	45483812	1,1,1.0	16	23
1	45509452	1,1,1.0	14	28
1	45515219	1,1,1.0	4	33
1	45515936	1,1,1.0	17	36
1	45547969	1,1,1.0	13	40
1	45570887	1,1,1.0	10	33
1	45603801	1,1,1.0	9	22
1	45613137	1,1,1.0	10	30
1	45613314	1,1,1.0	16	28
1	45619619	1,1,1.0	13	42
1	45622832	1,1,1.0	17	28
1	45643114	1,1,1.0	11	27
1	45691639	1,1,1.0	6	31
1	45697835	1,1,1.0	12	33
1	45706677	1,1,1.0	7	42
1	45707227	1,1,1.0	9	23
1	45714339	1,1,1.0	8	32
1	45718537	1,1,1.0	16	27
1	45722543	1,1,1.0	15	34
1	45770857	1,1,1.0	13	38
1	45789870	1,1,1.0	9	47
1	45866299	1,1,1.0	16	34
1	45895458	1,1,1.0	12	34
1	45902152	1,1,1.0	15	28
1	45951433	1,1,1.0	8	39
1	45969250	1,1,1.0	10	24
1	45994720	1,1,1.0	10	34
1	45997326	1,1,1.0	13	32
1	45997981	1,1,1.0	10	33
1	46019344	1,1,1.0	7	38
1	46072283	1,1,1.0	7	24
1	46208543	1,1,1.0	13	27
1	46209130	1,1,1.0	8	33
1	46226147	1,1,1.0	11	30
1	46264550	1,1,1.0	9	36
1	46317378	1,1,1.0	12	32
1	46410530	1,1,1.0	11	29
1	46418143	1,1,1.0	5	34
1	46436363	1,1,1.0	9	40
1	46525472	1,1,1.0	16	34
1	46527696	1,1,1.0	15	36
1	46564018	1,1,1.0	9	41
1	46567925	1,1,1.0	16	26
1	46585916	1,1,1.0	7	37
1	46586228	1,1,1.0	8	31
1	46630090	1,1,1.0	9	38
1	46670877	1,1,1.0	14	39
1	46685930	1,1,1.0	8	32
1	46688145	1,1,1.0	13	26
1	46799538	1,1,1.0	13	30
1	46830159	1,1,1.0	12	33
1	46830874	1,1,1.0	12	32
1	46858638	1,1,1.0	12	41
1	46919151	1,1,1.0	8	37
1	46929811	1,1,1.0	9	36
1	46975246	1,1,1.0	9	31
1	47001275	1,1,1.0	13	37
1	47029349	1,1,1.0	13	34
1	47043270	1,1,1.0	9	38
1	47057839	1,1,1.0	13	22
1	47094923	1,1,1.0	15	32
1	47109815	1,1,1.0	12	35
1	47129513	1,1,1.0	7	39
1	47160386	1,1,1.0	13	32
1	47169333	1,1,1.0	16	39
1	47228772	1,1,1.0	18	29
1	47273564	1,1,1.0	8	46
1	47321799	1,1,1.0	13	35
1	47357764	1,1,1.0	11	37
1	47363642	1,1,1.0	6	35
1	47374345	1,1,1.0	6	46
1	47456030	1,1,1.0	8	38
1	47500854	1,1,1.0	13	31
1	47533163	1,1,1.0	16	35
1	47537370	1,1,1.0	11	44
1	47552340	1,1,1.0	10	34
1	47631463	1,1,1.0	8	36
1	47653301	1,1,1.0	11	32
1	47705825	1,1,1.0	10	35
1	47710634	1,1,1.0	12	36
1	47772365	1,1,1.0	16	40
1	47851134	1,1,1.0	5	33
1	47924036	1,1,1.0	12	40
1	47939394	1,1,1.0	12	35
1	47962879	1,1,1.0	14	31
1	47975849	1,1,1.0	9	25
1	47988226	1,1,1.0	16	32
1	48055942	1,1,1.0	11	28
1	48120174	1,1,1.0	16	33
1	48146822	1,1,1.0	8	30
1	48165579	1,1,1.0	20	32
1	48169129	1,1,1.0	11	37
1	48182594	1,1,1.0	11	30
1	48260527	1,1,1.0	13	37
1	48482114	1,1,1.0	14	33
1	48484576	1,1,1.0	7	35
1	48506470	1,1,1.0	18	37
1	48514576	1,1,1.0	13	39
1	48696779	1,1,1.0	12	37
1	48719615	1,1,1.0	17	40
1	48728506	1,1,1.0	5	39
1	48805212	1,1,1.0	17	26
1	48805870	1,1,1.0	15	36
1	48880211	1,1,1.0	14	23
1	48937703	1,1,1.0	8	32
1	48944067	1,1,1.0	10	38
1	48948081	1,1,1.0	9	36
1	48964845	1,1,1.0	12	33
1	48979893	1,1,1.0	9	36
1	49028528	1,1,1.0	15	29
1	49057774	1,1,1.0	11	41
1	49108649	1,1,1.0	9	33
1	49109971	1,1,1.0	16	40
1	49154496	1,1,1.0	18	27
1	49211455	1,1,1.0	10	35
1	49212455	1,1,1.0	13	33
1	49279112	1,1,1.0	15	34
1	49279138	1,1,1.0	7	43
1	49285007	1,1,1.0	16	15
1	49398158	1,1,1.0	11	31
1	49403282	1,1,1.0	9	34
1	49480705	1,1,1.0	10	36
1	49503952	1,1,1.0	9	41
1	49554094	1,1,1.0	7	37
1	49596271	1,1,1.0	19	36
1	49601565	1,1,1.0	5	43
1	49604440	1,1,1.0	6	28
1	49619669	1,1,1.0	10	35
1	49634847	1,1,1.0	14	30
1	49650760	1,1,1.0	9	32
1	49701109	1,1,1.0	8	24
1	49747043	1,1,1.0	12	28
1	49767968	1,1,1.0	22	18
1	49777389	1,1,1.0	12	21
1	49867203	1,1,1.0	9	42
1	49895861	1,1,1.0	12	36
1	49935779	1,1,1.0	14	32
1	49937999	1,1,1.0	6	28
1	49952441	1,1,1.0	10	32
1	49989758	1,1,1.0	17	31
1	49991436	1,1,1.0	11	27
1	49992185	1,1,1.0	7	39
1	50331090	1,1,1.0	23	21
1	50374725	1,1,1.0	7	35
1	50428743	1,1,1.0	11	31
1	50431912	1,1,1.0	11	36
1	50496186	1,1,1.0	12	37
1	50584716	1,1,1.0	14	24
1	50636438	1,1,1.0	8	32
1	50657495	1,1,1.0	15	37
1	50686971	1,1,1.0	11	40
1	50708977	1,1,1.0	10	22
1	50759613	1,1,1.0	9	35
1	50773556	1,1,1.0	8	23
1	50774745	1,1,1.0	11	42
1	50835465	1,1,1.0	17	39
1	50930762	1,1,1.0	9	39
1	50933574	1,1,1.0	8	34
1	50973710	1,1,1.0	11	30
1	51042388	1,1,1.0	8	32
1	51083963	1,1,1.0	14	27
1	51091905	1,1,1.0	12	47
1	51124397	1,1,1.0	10	40
1	51182003	1,1,1.0	11	36
1	51203422	1,1,1.0	12	34
1	51212839	1,1,1.0	7	30
1	51219124	1,1,1.0	14	36
1	51269603	1,1,1.0	12	25
1	51303274	1,1,1.0	9	29
1	51318225	1,1,1.0	8	41
1	51373939	1,1,1.0	10	32
1	51451040	1,1,1.0	13	37
1	51503116	1,1,1.0	8	45
1	51620675	1,1,1.0	16	35
1	51717107	1,1,1.0	13	25
1	51722222	1,1,1.0	17	47
1	51810741	1,1,1.0	14	30
1	51876598	1,1,1.0	5	39
1	51891955	1,1,1.0	5	41
1	51899447	1,1,1.0	12	34
1	51900390	1,1,1.0	13	37
1	51908589	1,1,1.0	16	28
1	51932758	1,1,1.0	9	30
1	52026849	1,1,1.0	12	24
1	52029104	1,1,1.0	17	28
1	52041236	1,1,1.0	11	43
1	52074451	1,1,1.0	13	35
1	52085296	1,1,1.0	19	38
1	52101068	1,1,1.0	19	33
1	52152653	1,1,1.0	15	42
1	52215474	1,1,1.0	2	33
1	52272879	1,1,1.0	4	35
1	52292860	1,1,1.0	13	29
1	52362002	1,1,1.0	14	40
1	52384002	1,1,1.0	9	33
1	52463673	1,1,1.0	7	34
1	52464484	1,1,1.0	8	33
1	52572066	1,1,1.0	11	29
1	52596948	1,1,1.0	17	38
1	52597729	1,1,1.0	10	33
1	52625461	1,1,1.0	9	22
1	52662267	1,1,1.0	18	46
1	52697333	1,1,1.0	11	40
1	52699700	1,1,1.0	16	37
1	52700858	1,1,1.0	6	26
1	52701393	1,1,1.0	9	23
1	52756238	1,1,1.0	17	30
1	52773956	1,1,1.0	11	38
1	52777545	1,1,1.0	7	41
1	52819478	1,1,1.0	9	33
1	52831501	1,1,1.0	11	25
1	52933667	1,1,1.0	12	40
1	53006361	1,1,1.0	4	27
1	53021376	1,1,1.0	15	26
1	53037553	1,1,1.0	7	36
1	53043431	1,1,1.0	22	32
1	53054211	1,1,1.0	12	38
1	53092132	1,1,1.0	10	29
1	53147367	1,1,1.0	12	24
1	53159583	1,1,1.0	16	30
1	53181963	1,1,1.0	13	28
1	53188880	1,1,1.0	8	40
1	53203595	1,1,1.0	10	32
1	53218565	1,1,1.0	15	37
1	53230078	1,1,1.0	11	29
1	53237050	1,1,1.0	8	40
1	53287969	1,1,1.0	16	44
1	53291840	1,1,1.0	13	21
1	53293807	1,1,1.0	9	51
1	53330922	1,1,1.0	12	33
1	53440338	1,1,1.0	17	43
1	53514262	1,1,1.0	8	35
1	53526048	1,1,1.0	12	30
1	53560374	1,1,1.0	3	24
1	53610581	1,1,1.0	14	29
1	53634770	1,1,1.0	4	27
1	53672195	1,1,1.0	5	36
1	53684248	1,1,1.0	4	50
1	53692461	1,1,1.0	10	36
1	53711076	1,1,1.0	11	36
1	53743852	1,1,1.0	12	39
1	53768591	1,1,1.0	16	20
1	53814183	1,1,1.0	11	28
1	53834711	1,1,1.0	6	40
1	53864274	1,1,1.0	11	32
1	53911630	1,1,1.0	7	32
1	53925874	1,1,1.0	8	30
1	53981986	1,1,1.0	11	31
1	54008290	1,1,1.0	7	49
1	54120637	1,1,1.0	11	36
1	54147130	1,1,1.0	16	28
1	54203535	1,1,1.0	11	26
1	54209043	1,1,1.0	10	33
1	54302479	1,1,1.0	14	30
1	54315849	1,1,1.0	12	27
1	54373649	1,1,1.0	9	29
1	54397320	1,1,1.0	16	30
1	54529854	1,1,1.0	13	38
1	54534430	1,1,1.0	4	32
1	54558193	1,1,1.0	12	27
1	54639503	1,1,1.0	7	27
1	54666473	1,1,1.0	17	32
1	54675206	1,1,1.0	12	34
1	54680876	1,1,1.0	13	40
1	54683550	1,1,1.0	20	28
1	54713777	1,1,1.0	8	33
1	54746045	1,1,1.0	15	23
1	54802815	1,1,1.0	12	36
1	54827836	1,1,1.0	8	30
1	54840488	1,1,1.0	9	38
1	54864988	1,1,1.0	7	34
1	54869450	1,1,1.0	19	35
1	54882210	1,1,1.0	12	29
1	54885062	1,1,1.0	10	23
1	54899528	1,1,1.0	8	46
1	54921489	1,1,1.0	9	34
1	54936129	1,1,1.0	16	26
1	54957047	1,1,1.0	11	42
1	54996464	1,1,1.0	8	28
1	55017119	1,1,1.0	13	35
1	55043360	1,1,1.0	21	36
1	55056137	1,1,1.0	14	32
1	55057459	1,1,1.0	14	34
1	55083749	1,1,1.0	10	34
1	55096085	1,1,1.0	12	45
1	55098448	1,1,1.0	11	34
1	55111671	1,1,1.0	10	37
1	55127990	1,1,1.0	10	39
1	55146067	1,1,1.0	13	36
1	55147175	1,1,1.0	9	24
1	55164870	1,1,1.0	13	26
1	55167880	1,1,1.0	7	37
1	55176412	1,1,1.0	7	25
1	55187414	1,1,1.0	14	29
1	55198027	1,1,1.0	15	43
1	55206318	1,1,1.0	9	41
1	55259474	1,1,1.0	7	36
1	55286996	1,1,1.0	12	30
1	55323092	1,1,1.0	15	32
1	55338988	1,1,1.0	4	45
1	55346465	1,1,1.0	11	30
1	55425235	1,1,1.0	11	25
1	55433645	1,1,1.0	10	34
1	55436843	1,1,1.0	10	27
1	55476968	1,1,1.0	10	30
1	55505150	1,1,1.0	10	48
1	55545792	1,1,1.0	12	38
1	55557667	1,1,1.0	10	33
1	55577125	1,1,1.0	9	35
1	55594867	1,1,1.0	6	36
1	55613539	1,1,1.0	18	38
1	55702660	1,1,1.0	9	29
1	55747638	1,1,1.0	17	28
1	55827917	1,1,1.0	13	33
1	55865088	1,1,1.0	6	32
1	55877413	1,1,1.0	5	31
1	55885304	1,1,1.0	9	15
1	55901351	1,1,1.0	12	41
1	55984758	1,1,1.0	5	29
1	56013579	1,1,1.0	13	32
1	56019315	1,1,1.0	14	29
1	56038929	1,1,1.0	13	20
1	56064165	1,1,1.0	2	48
1	56171462	1,1,1.0	14	34
1	56231283	1,1,1.0	9	38
1	56251389	1,1,1.0	15	16
1	56254109	1,1,1.0	17	36
1	56265695	1,1,1.0	13	30
1	56273016	1,1,1.0	11	37
1	56287475	1,1,1.0	14	36
1	56355122	1,1,1.0	13	29
1	56357533	1,1,1.0	11	39
1	56379445	1,1,1.0	13	38
1	56476863	1,1,1.0	5	38
1	56490848	1,1,1.0	12	34
1	56568798	1,1,1.0	18	35
1	56597543	1,1,1.0	9	36
1	56645532	1,1,1.0	15	33
1	56668775	1,1,1.0	14	27
1	56690221	1,1,1.0	11	37
1	56745785	1,1,1.0	9	33
1	56756369	1,1,1.0	12	27
1	56779560	1,1,1.0	12	31
1	56791444	1,1,1.0	6	25
1	56794286	1,1,1.0	12	36
1	56896293	1,1,1.0	14	37
1	57065585	1,1,1.0	16	40
1	57066281	1,1,1.0	14	37
1	57095688	1,1,1.0	19	26
1	57119810	1,1,1.0	13	29
1	57121580	1,1,1.0	10	24
1	57150645	1,1,1.0	7	47
1	57175117	1,1,1.0	10	28
1	57204991	1,1,1.0	11	32
1	57215986	1,1,1.0	8	30
1	57248952	1,1,1.0	13	31
1	57252494	1,1,1.0	13	33
1	57271199	1,1,1.0	12	27
1	57281016	1,1,1.0	9	38
1	57293423	1,1,1.0	15	38
1	57322449	1,1,1.0	9	30
1	57335250	1,1,1.0	20	34
1	57366103	1,1,1.0	10	38
1	57409223	1,1,1.0	9	32
1	57456481	1,1,1.0	20	26
1	57480401	1,1,1.0	10	31
1	57547871	1,1,1.0	9	31
1	57556192	1,1,1.0	12	37
1	57612942	1,1,1.0	10	44
1	57638550	1,1,1.0	11	24
1	57650073	1,1,1.0	15	24
1	57654672	1,1,1.0	8	31
1	57656669	1,1,1.0	12	27
1	57716081	1,1,1.0	13	29
1	57795441	1,1,1.0	28	31
1	57829801	1,1,1.0	6	30
1	57837434	1,1,1.0	12	28
1	57953305	1,1,1.0	10	34
1	57980889	1,1,1.0	12	39
1	57995192	1,1,1.0	4	26
1	58001369	1,1,1.0	11	29
1	58034286	1,1,1.0	11	40
1	58062143	1,1,1.0	18	40
1	58076093	1,1,1.0	15	23
1	58118282	1,1,1.0	21	28
1	58139221	1,1,1.0	22	30
1	58229186	1,1,1.0	13	31
1	58401058	1,1,1.0	10	35
1	58411155	1,1,1.0	13	29
1	58427302	1,1,1.0	7	36
1	58461476	1,1,1.0	17	43
1	58488056	1,1,1.0	14	43
1	58580958	1,1,1.0	16	28
1	58645257	1,1,1.0	11	28
1	58646414	1,1,1.0	7	30
1	58683035	1,1,1.0	12	36
1	58775797	1,1,1.0	15	34
1	58799515	1,1,1.0	14	30
1	58809831	1,1,1.0	14	32
1	58832202	1,1,1.0	12	29
1	58923919	1,1,1.0	10	31
1	58924815	1,1,1.0	27	31
1	58937479	1,1,1.0	11	37
1	58969202	1,1,1.0	15	36
1	58995785	1,1,1.0	11	43
1	58997228	1,1,1.0	5	39
1	59048013	1,1,1.0	8	25
1	59091047	1,1,1.0	12	41
1	59155018	1,1,1.0	11	39
1	59211125	1,1,1.0	6	44
1	59292396	1,1,1.0	4	24
1	59295875	1,1,1.0	15	36
1	59307058	1,1,1.0	11	40
1	59355479	1,1,1.0	11	39
1	59378064	1,1,1.0	9	34
1	59444939	1,1,1.0	14	37
1	59493154	1,1,1.0	6	35
1	59494118	1,1,1.0	11	33
1	59507777	1,1,1.0	12	38
1	59537187	1,1,1.0	13	29
1	59632972	1,1,1.0	9	35
1	59733537	1,1,1.0	13	32
1	59778816	1,1,1.0	16	31
1	59812100	1,1,1.0	6	31
1	59815905	1,1,1.0	10	27
1	59914352	1,1,1.0	13	35
1	59924734	1,1,1.0	13	30
1	59995837	1,1,1.0	9	23
1	60026392	1,1,1.0	9	35
1	60029664	1,1,1.0	13	24
1	60042720	1,1,1.0	13	45
1	60060501	1,1,1.0	17	20
1	60061922	1,1,1.0	10	33
1	60063383	1,1,1.0	17	34
1	60117458	1,1,1.0	5	36
1	60124450	1,1,1.0	15	26
1	60133449	1,1,1.0	15	27
1	60173862	1,1,1.0	9	39
1	60201067	1,1,1.0	14	29
1	60392863	1,1,1.0	9	25
1	60470186	1,1,1.0	8	30
1	60540468	1,1,1.0	8	32
1	60679573	1,1,1.0	18	42
1	60729868	1,1,1.0	4	36
1	60763064	1,1,1.0	11	33
1	60789289	1,1,1.0	14	30
1	60855322	1,1,1.0	10	32
1	60858074	1,1,1.0	7	33
1	60899532	1,1,1.0	14	42
1	60992511	1,1,1.0	12	35
1	61028387	1,1,1.0	18	42
1	61030262	1,1,1.0	7	29
1	61032641	1,1,1.0	6	23
1	61050751	1,1,1.0	9	48
1	61058853	1,1,1.0	13	34
1	61067603	1,1,1.0	9	36
1	61108543	1,1,1.0	16	36
1	61113814	1,1,1.0	12	27
1	61149512	1,1,1.0	9	44
1	61154605	1,1,1.0	5	33
1	61215490	1,1,1.0	8	37
1	61257755	1,1,1.0	14	27
1	61263157	1,1,1.0	17	44
1	61294402	1,1,1.0	10	35
1	61366106	1,1,1.0	16	36
1	61376126	1,1,1.0	9	33
1	61504939	1,1,1.0	10	27
1	61547070	1,1,1.0	11	24
1	61569829	1,1,1.0	9	31
1	61611203	1,1,1.0	19	30
1	61624253	1,1,1.0	6	37
1	61633852	1,1,1.0	11	27
1	61718124	1,1,1.0	9	41
1	61754306	1,1,1.0	14	35
1	61772361	1,1,1.0	10	39
1	61824404	1,1,1.0	9	29
1	61906336	1,1,1.0	16	41
1	61957527	1,1,1.0	19	37
1	61960617	1,1,1.0	13	29
1	61969020	1,1,1.0	13	31
1	62047380	1,1,1.0	9	35
1	62050342	1,1,1.0	10	29
1	62091860	1,1,1.0	8	33
1	62184266	1,1,1.0	9	35
1	62231521	1,1,1.0	13	39
1	62259764	1,1,1.0	9	28
1	62497794	1,1,1.0	13	29
1	62534321	1,1,1.0	11	31
1	62660621	1,1,1.0	5	39
1	62732471	1,1,1.0	8	32
1	62736162	1,1,1.0	13	27
1	62811818	1,1,1.0	12	38
1	62864689	1,1,1.0	5	27
1	62867375	1,1,1.0	11	34
1	62911899	1,1,1.0	15	27
1	62916299	1,1,1.0	10	36
1	62942503	1,1,1.0	17	33
1	62961883	1,1,1.0	14	37
1	62966052	1,1,1.0	14	35
1	62970235	1,1,1.0	7	40
1	63008059	1,1,1.0	10	44
1	63153365	1,1,1.0	19	37
1	63158128	1,1,1.0	11	35
1	63178486	1,1,1.0	9	34
1	63225313	1,1,1.0	9	36
1	63282247	1,1,1.0	13	34
1	63307562	1,1,1.0	8	32
1	63357897	1,1,1.0	10	42
1	63367727	1,1,1.0	13	34
1	63414094	1,1,1.0	9	28
1	63436219	1,1,1.0	6	40
1	63437559	1,1,1.0	10	34
1	63493387	1,1,1.0	5	43
1	63546260	1,1,1.0	13	29
1	63550623	1,1,1.0	19	32
1	63678197	1,1,1.0	12	34
1	63692737	1,1,1.0	12	27
1	63693415	1,1,1.0	18	31
1	63694633	1,1,1.0	12	34
1	63712481	1,1,1.0	14	29
1	63761946	1,1,1.0	10	33
1	63762828	1,1,1.0	8	27
1	63792244	1,1,1.0	18	28
1	63809182	1,1,1.0	18	36
1	63817545	1,1,1.0	10	25
1	63887901	1,1,1.0	16	37
1	63893465	1,1,1.0	10	43
1	63943307	1,1,1.0	8	28
1	63964109	1,1,1.0	8	35
1	63968550	1,1,1.0	11	35
1	63983380	1,1,1.0	10	35
1	63988272	1,1,1.0	14	31
1	64001842	1,1,1.0	9	41
1	64102364	1,1,1.0	10	34
1	64200306	1,1,1.0	11	27
1	64237551	1,1,1.0	10	43
1	64250536	1,1,1.0	13	24
1	64355176	1,1,1.0	7	25
1	64377580	1,1,1.0	13	22
1	64384981	1,1,1.0	11	23
1	64400352	1,1,1.0	5	46
1	64404014	1,1,1.0	10	42
1	64416121	1,1,1.0	10	33
1	64442768	1,1,1.0	5	46
1	64451952	1,1,1.0	18	50
1	64497866	1,1,1.0	14	33
1	64520837	1,1,1.0	13	23
1	64562079	1,1,1.0	15	26
1	64597070	1,1,1.0	14	51
1	64606519	1,1,1.0	14	34
1	64610896	1,1,1.0	4	38
1	64621562	1,1,1.0	17	35
1	64654499	1,1,1.0	13	32
1	64676070	1,1,1.0	13	36
1	64704717	1,1,1.0	13	32
1	64729570	1,1,1.0	16	26
1	64746870	1,1,1.0	9	40
1	64764304	1,1,1.0	10	39
1	64820620	1,1,1.0	5	35
1	64872307	1,1,1.0	8	33
1	64936461	1,1,1.0	11	26
1	64993760	1,1,1.0	8	39
1	64995929	1,1,1.0	8	35
1	65011270	1,1,1.0	7	23
1	65088866	1,1,1.0	7	30
1	65124582	1,1,1.0	7	42
1	65192900	1,1,1.0	13	31
1	65206626	1,1,1.0	10	38
1	65207217	1,1,1.0	13	40
1	65220780	1,1,1.0	8	42
1	65236843	1,1,1.0	9	29
1	65246521	1,1,1.0	8	33
1	65291418	1,1,1.0	14	26
1	65298116	1,1,1.0	12	35
1	65299018	1,1,1.0	8	29
1	65332900	1,1,1.0	7	33
1	65362604	1,1,1.0	6	41
1	65402593	1,1,1.0	11	34
1	65561388	1,1,1.0	6	30
1	65586205	1,1,1.0	6	33
1	65595266	1,1,1.0	8	41
1	65626765	1,1,1.0	10	39
1	65665383	1,1,1.0	9	35
1	65857089	1,1,1.0	13	26
1	65962140	1,1,1.0	12	25
1	66036415	1,1,1.0	11	39
1	66038000	1,1,1.0	13	41
1	66041492	1,1,1.0	17	28
1	66116834	1,1,1.0	16	31
1	66193103	1,1,1.0	10	33
1	66198128	1,1,1.0	14	32
1	66257402	1,1,1.0	10	47
1	66258674	1,1,1.0	15	31
1	66266232	1,1,1.0	9	44
1	66267579	1,1,1.0	10	36
1	66289903	1,1,1.0	10	25
1	66294338	1,1,1.0	9	35
1	66305760	1,1,1.0	11	37
1	66323998	1,1,1.0	11	36
1	66343292	1,1,1.0	16	39
1	66356068	1,1,1.0	15	35
1	66357060	1,1,1.0	11	36
1	66366796	1,1,1.0	8	35
1	66374625	1,1,1.0	12	31
1	66395229	1,1,1.0	15	34
1	66431160	1,1,1.0	11	31
1	66443688	1,1,1.0	9	30
1	66464872	1,1,1.0	16	32
1	66489827	1,1,1.0	12	41
1	66510493	1,1,1.0	13	39
1	66515304	1,1,1.0	13	31
1	66601567	1,1,1.0	10	34
1	66635982	1,1,1.0	8	29
1	66656975	1,1,1.0	13	33
1	66678292	1,1,1.0	8	39
1	66734826	1,1,1.0	10	41
1	66743689	1,1,1.0	7	34
1	66778428	1,1,1.0	15	42
1	66816250	1,1,1.0	17	24
1	66828213	1,1,1.0	9	37
1	66934850	1,1,1.0	12	23
1	66965209	1,1,1.0	15	39
1	66975186	1,1,1.0	12	40
1	66993153	1,1,1.0	16	27
1	67041105	1,1,1.0	9	23
1	67077596	1,1,1.0	6	33
1	67089031	1,1,1.0	11	39
1	67112702	1,1,1.0	7	28
1	67206291	1,1,1.0	17	37
1	67218810	1,1,1.0	15	37
1	67239261	1,1,1.0	8	42
1	67264495	1,1,1.0	9	26
1	67358975	1,1,1.0	14	35
1	67455315	1,1,1.0	12	34
1	67468816	1,1,1.0	6	43
1	67580107	1,1,1.0	8	33
1	67634702	1,1,1.0	8	29
1	67657381	1,1,1.0	8	32
1	67694972	1,1,1.0	14	36
1	67729765	1,1,1.0	12	24
1	67746678	1,1,1.0	19	22
1	67747903	1,1,1.0	9	36
1	67786763	1,1,1.0	16	25
1	67839992	1,1,1.0	10	33
1	67891341	1,1,1.0	8	29
1	67910753	1,1,1.0	15	35
1	68018550	1,1,1.0	14	42
1	68030690	1,1,1.0	11	28
1	68044049	1,1,1.0	12	31
1	68103827	1,1,1.0	12	31
1	68171420	1,1,1.0	7	32
1	68227468	1,1,1.0	11	45
1	68234316	1,1,1.0	8	35
1	68275964	1,1,1.0	9	42
1	68279009	1,1,1.0	10	29
1	68283669	1,1,1.0	10	26
1	68300323	1,1,1.0	12	25
1	68341899	1,1,1.0	11	18
1	68358363	1,1,1.0	13	33
1	68384610	1,1,1.0	8	31
1	68405574	1,1,1.0	8	29
1	68591409	1,1,1.0	6	27
1	68597998	1,1,1.0	12	45
1	68639665	1,1,1.0	10	40
1	68649729	1,1,1.0	11	35
1	68680134	1,1,1.0	11	37
1	68685757	1,1,1.0	13	30
1	68702661	1,1,1.0	8	33
1	68725812	1,1,1.0	9	46
1	68729843	1,1,1.0	6	39
1	68791476	1,1,1.0	12	48
1	68805353	1,1,1.0	19	29
1	68862607	1,1,1.0	9	34
1	68865056	1,1,1.0	7	25
1	68910468	1,1,1.0	4	24
1	68928981	1,1,1.0	17	32
1	68974707	1,1,1.0	17	35
1	69013549	1,1,1.0	15	37
1	69022665	1,1,1.0	14	36
1	69038020	1,1,1.0	8	43
1	69076788	1,1,1.0	10	42
1	69081934	1,1,1.0	6	34
1	69087450	1,1,1.0	11	37
1	69100835	1,1,1.0	7	30
1	69131477	1,1,1.0	19	40
1	69146115	1,1,1.0	11	25
1	69174146	1,1,1.0	6	30
1	69180169	1,1,1.0	13	32
1	69236840	1,1,1.0	9	37
1	69259078	1,1,1.0	14	30
1	69267946	1,1,1.0	19	40
1	69314744	1,1,1.0	11	30
1	69331970	1,1,1.0	9	36
1	69339431	1,1,1.0	9	41
1	69363411	1,1,1.0	8	35
1	69453977	1,1,1.0	13	27
1	69455947	1,1,1.0	14	28
1	69463069	1,1,1.0	13	42
1	69480955	1,1,1.0	12	46
1	69518143	1,1,1.0	17	38
1	69613927	1,1,1.0	16	41
1	69617164	1,1,1.0	5	31
1	69626191	1,1,1.0	7	53
1	69702348	1,1,1.0	4	34
1	69842494	1,1,1.0	11	35
1	69844168	1,1,1.0	12	32
1	69848279	1,1,1.0	8	33
1	69902903	1,1,1.0	8	35
1	69909151	1,1,1.0	19	29
1	69921912	1,1,1.0	7	37
1	69922091	1,1,1.0	15	50
1	69936394	1,1,1.0	17	37
1	69946445	1,1,1.0	12	44
1	69952494	1,1,1.0	15	38
1	70031511	1,1,1.0	11	54
1	70032375	1,1,1.0	9	35
1	70036964	1,1,1.0	10	40
1	70130462	1,1,1.0	6	32
1	70137357	1,1,1.0	6	37
1	70143552	1,1,1.0	12	35
1	70147853	1,1,1.0	7	26
1	70217206	1,1,1.0	8	35
1	70243809	1,1,1.0	11	50
1	70249161	1,1,1.0	21	34
1	70251665	1,1,1.0	6	40
1	70332180	1,1,1.0	10	34
1	70367672	1,1,1.0	10	38
1	70383640	1,1,1.0	14	29
1	70408100	1,1,1.0	17	38
1	70420639	1,1,1.0	7	31
1	70487291	1,1,1.0	11	37
1	70487547	1,1,1.0	11	42
1	70490501	1,1,1.0	10	36
1	70515771	1,1,1.0	11	41
1	70556337	1,1,1.0	19	34
1	70636856	1,1,1.0	5	31
1	70753555	1,1,1.0	17	32
1	70787931	1,1,1.0	16	35
1	70809066	1,1,1.0	12	27
1	70822852	1,1,1.0	12	25
1	70885114	1,1,1.0	7	38
1	70950000	1,1,1.0	12	48
1	70972950	1,1,1.0	17	41
1	70983860	1,1,1.0	16	29
1	70997853	1,1,1.0	11	27
1	71052742	1,1,1.0	7	33
1	71083477	1,1,1.0	18	25
1	71193109	1,1,1.0	5	37
1	71199504	1,1,1.0	11	28
1	71228119	1,1,1.0	5	25
1	71239061	1,1,1.0	11	31
1	71248476	1,1,1.0	12	39
1	71255422	1,1,1.0	4	44
1	71277522	1,1,1.0	15	28
1	71287962	1,1,1.0	7	37
1	71299989	1,1,1.0	9	31
1	71318535	1,1,1.0	17	29
1	71326593	1,1,1.0	14	32
1	71389491	1,1,1.0	11	36
1	71410812	1,1,1.0	6	40
1	71412359	1,1,1.0	23	35
1	71437003	1,1,1.0	12	19
1	71459538	1,1,1.0	6	33
1	71467067	1,1,1.0	8	32
1	71524726	1,1,1.0	12	38
1	71539918	1,1,1.0	6	27
1	71607472	1,1,1.0	9	21
1	71690530	1,1,1.0	17	22
1	71714747	1,1,1.0	12	37
1	71736653	1,1,1.0	15	28
1	71743310	1,1,1.0	11	47
1	71767451	1,1,1.0	13	33
1	71792445	1,1,1.0	14	45
1	71795307	1,1,1.0	10	36
1	71831334	1,1,1.0	10	44
1	71881110	1,1,1.0	8	37
1	71906843	1,1,1.0	21	26
1	71908580	1,1,1.0	14	29
1	71913374	1,1,1.0	9	36
1	72004779	1,1,1.0	15	34
1	72051087	1,1,1.0	6	42
1	72051711	1,1,1.0	7	26
1	72126628	1,1,1.0	8	43
1	72139730	1,1,1.0	15	37
1	72154672	1,1,1.0	8	30
1	72164483	1,1,1.0	14	31
1	72173885	1,1,1.0	10	38
1	72177649	1,1,1.0	6	32
1	72216925	1,1,1.0	17	26
1	72267964	1,1,1.0	6	41
1	72342100	1,1,1.0	6	33
1	72425833	1,1,1.0	7	28
1	72448026	1,1,1.0	5	29
1	72460257	1,1,1.0	11	29
1	72480436	1,1,1.0	8	37
1	72482210	1,1,1.0	7	36
1	72501612	1,1,1.0	11	34
1	72545710	1,1,1.0	15	32
1	72588548	1,1,1.0	8	33
1	72606623	1,1,1.0	14	33
1	72621105	1,1,1.0	4	25
1	72627667	1,1,1.0	9	42
1	72630377	1,1,1.0	11	41
1	72641477	1,1,1.0	6	27
1	72734912	1,1,1.0	17	36
1	72779153	1,1,1.0	8	46
1	72801745	1,1,1.0	6	35
1	72851231	1,1,1.0	9	36
1	72970299	1,1,1.0	7	33
1	72995797	1,1,1.0	12	35
1	73088640	1,1,1.0	9	40
1	73089855	1,1,1.0	12	35
1	73101862	1,1,1.0	19	31
1	73117714	1,1,1.0	14	33
1	73162230	1,1,1.0	10	31
1	73203401	1,1,1.0	16	31
1	73236198	1,1,1.0	15	26
1	73270219	1,1,1.0	13	35
1	73298093	1,1,1.0	10	37
1	73308745	1,1,1.0	14	37
1	73374010	1,1,1.0	15	48
1	73408319	1,1,1.0	9	27
1	73436011	1,1,1.0	5	37
1	73459856	1,1,1.0	9	35
1	73464753	1,1,1.0	12	35
1	73511675	1,1,1.0	11	25
1	73545448	1,1,1.0	14	42
1	73548488	1,1,1.0	14	41
1	73616456	1,1,1.0	7	34
1	73625952	1,1,1.0	5	32
1	73650926	1,1,1.0	10	40
1	73657841	1,1,1.0	11	27
1	73669748	1,1,1.0	11	37
1	73672205	1,1,1.0	11	32
1	73692015	1,1,1.0	17	35
1	73709490	1,1,1.0	11	40
1	73750488	1,1,1.0	9	34
1	73773721	1,1,1.0	18	28
1	73778632	1,1,1.0	16	40
1	73795687	1,1,1.0	11	30
1	73806877	1,1,1.0	14	19
1	73809452	1,1,1.0	13	30
1	73826369	1,1,1.0	11	31
1	73841771	1,1,1.0	13	39
1	73919514	1,1,1.0	9	38
1	73937448	1,1,1.0	13	29
1	73946980	1,1,1.0	19	25
1	73958115	1,1,1.0	11	27
1	73960349	1,1,1.0	14	42
1	73964628	1,1,1.0	9	27
1	73988823	1,1,1.0	14	21
1	74006878	1,1,1.0	10	23
1	74106774	1,1,1.0	14	27
1	74131990	1,1,1.0	7	30
1	74146674	1,1,1.0	16	35
1	74199818	1,1,1.0	9	37
1	74209271	1,1,1.0	9	31
1	74216135	1,1,1.0	9	44
1	74323427	1,1,1.0	13	38
1	74342309	1,1,1.0	16	30
1	74370611	1,1,1.0	8	38
1	74415210	1,1,1.0	18	26
1	74417156	1,1,1.0	10	29
1	74423878	1,1,1.0	12	34
1	74428849	1,1,1.0	11	16
1	74448921	1,1,1.0	11	32
1	74501736	1,1,1.0	14	28
1	74549154	1,1,1.0	10	16
1	74589070	1,1,1.0	16	35
1	74594645	1,1,1.0	12	29
1	74611342	1,1,1.0	13	34
1	74628528	1,1,1.0	9	25
1	74634187	1,1,1.0	12	30
1	74768268	1,1,1.0	10	16
1	74786728	1,1,1.0	10	34
1	74794840	1,1,1.0	18	37
1	74833731	1,1,1.0	10	36
1	74856288	1,1,1.0	13	34
1	74875337	1,1,1.0	11	33
1	74968456	1,1,1.0	8	34
1	74978409	1,1,1.0	9	33
1	74980751	1,1,1.0	12	33
1	74996749	1,1,1.0	11	36
1	75017541	1,1,1.0	8	38
1	75019486	1,1,1.0	9	45
1	75019500	1,1,1.0	19	18
1	75019628	1,1,1.0	12	33
1	75097185	1,1,1.0	20	39
1	75230242	1,1,1.0	20	30
1	75231795	1,1,1.0	19	45
1	75262229	1,1,1.0	19	29
1	75263579	1,1,1.0	15	28
1	75288845	1,1,1.0	10	28
1	75296469	1,1,1.0	9	34
1	75324107	1,1,1.0	10	26
1	75336578	1,1,1.0	14	32
1	75357855	1,1,1.0	13	33
1	75359613	1,1,1.0	8	34
1	75395126	1,1,1.0	15	31
1	75427940	1,1,1.0	16	37
1	75436466	1,1,1.0	7	30
1	75447704	1,1,1.0	11	36
1	75489676	1,1,1.0	14	31
1	75515711	1,1,1.0	5	31
1	75528149	1,1,1.0	8	24
1	75531496	1,1,1.0	11	27
1	75534530	1,1,1.0	9	27
1	75566572	1,1,1.0	14	41
1	75569905	1,1,1.0	7	31
1	75686867	1,1,1.0	11	35
1	75762538	1,1,1.0	11	32
1	75763432	1,1,1.0	4	46
1	75767039	1,1,1.0	6	40
1	75768917	1,1,1.0	10	26
1	75800399	1,1,1.0	9	21
1	75807917	1,1,1.0	12	45
1	75810069	1,1,1.0	5	29
1	75825976	1,1,1.0	19	37
1	75883607	1,1,1.0	19	32
1	75894084	1,1,1.0	17	29
1	75939359	1,1,1.0	13	27
1	75988762	1,1,1.0	12	36
1	76015696	1,1,1.0	16	31
1	76048448	1,1,1.0	4	36
1	76054328	1,1,1.0	7	26
1	76058078	1,1,1.0	7	33
1	76063424	1,1,1.0	9	29
1	76074851	1,1,1.0	5	35
1	76103082	1,1,1.0	12	32
1	76104750	1,1,1.0	14	43
1	76182265	1,1,1.0	13	37
1	76184021	1,1,1.0	9	46
1	76203643	1,1,1.0	6	27
1	76220305	1,1,1.0	18	47
1	76238666	1,1,1.0	12	36
1	76264195	1,1,1.0	9	35
1	76264982	1,1,1.0	13	32
1	76266390	1,1,1.0	7	37
1	76342663	1,1,1.0	11	42
1	76401048	1,1,1.0	10	43
1	76407793	1,1,1.0	11	34
1	76450520	1,1,1.0	10	33
1	76503765	1,1,1.0	9	39
1	76521762	1,1,1.0	10	31
1	76549377	1,1,1.0	18	27
1	76557086	1,1,1.0	9	31
1	76557500	1,1,1.0	5	36
1	76567270	1,1,1.0	13	41
1	76690509	1,1,1.0	11	35
1	76783027	1,1,1.0	13	34
1	76878900	1,1,1.0	12	42
1	76893551	1,1,1.0	11	45
1	76912548	1,1,1.0	8	34
1	76916358	1,1,1.0	17	43
1	76917682	1,1,1.0	7	35
1	76947817	1,1,1.0	8	35
1	76970207	1,1,1.0	10	28
1	76974271	1,1,1.0	18	33
1	77026343	1,1,1.0	9	32
1	77030935	1,1,1.0	11	31
1	77033061	1,1,1.0	5	33
1	77079873	1,1,1.0	14	27
1	77089229	1,1,1.0	8	49
1	77157750	1,1,1.0	9	42
1	77171637	1,1,1.0	7	36
1	77182200	1,1,1.0	8	26
1	77200012	1,1,1.0	7	33
1	77225907	1,1,1.0	8	32
1	77268786	1,1,1.0	19	32
1	77372238	1,1,1.0	12	30
1	77478837	1,1,1.0	16	29
1	77482303	1,1,1.0	7	36
1	77482924	1,1,1.0	7	40
1	77526157	1,1,1.0	10	38
1	77534063	1,1,1.0	10	28
1	77545124	1,1,1.0	8	28
1	77619773	1,1,1.0	9	24
1	77623487	1,1,1.0	4	44
1	77784063	1,1,1.0	9	35
1	77832363	1,1,1.0	10	44
1	77852210	1,1,1.0	14	31
1	77909738	1,1,1.0	10	37
1	77988247	1,1,1.0	8	37
1	77995624	1,1,1.0	12	38
1	77997412	1,1,1.0	8	29
1	78026802	1,1,1.0	14	34
1	78084688	1,1,1.0	10	28
1	78123505	1,1,1.0	10	40
1	78142510	1,1,1.0	10	36
1	78191661	1,1,1.0	14	26
1	78239766	1,1,1.0	17	31
1	78272797	1,1,1.0	16	30
1	78318584	1,1,1.0	12	25
1	78329935	1,1,1.0	6	33
1	78370216	1,1,1.0	8	43
1	78397186	1,1,1.0	5	48
1	78416259	1,1,1.0	13	26
1	78462814	1,1,1.0	11	35
1	78475118	1,1,1.0	9	30
1	78525563	1,1,1.0	8	32
1	78528244	1,1,1.0	11	37
1	78534763	1,1,1.0	14	32
1	78536409	1,1,1.0	16	29
1	78543516	1,1,1.0	14	35
1	78544843	1,1,1.0	6	29
1	78598103	1,1,1.0	6	41
1	78603041	1,1,1.0	12	36
1	78632903	1,1,1.0	14	29
1	78787023	1,1,1.0	14	40
1	78789252	1,1,1.0	10	30
1	78850190	1,1,1.0	13	34
1	78895411	1,1,1.0	14	32
1	78940777	1,1,1.0	11	40
1	78948904	1,1,1.0	13	34
1	78990551	1,1,1.0	10	38
1	79029491	1,1,1.0	8	30
1	79047548	1,1,1.0	22	35
1	79050746	1,1,1.0	13	34
1	79090561	1,1,1.0	11	34
1	79110602	1,1,1.0	12	24
1	79172436	1,1,1.0	12	29
1	79192754	1,1,1.0	9	30
1	79195531	1,1,1.0	9	23
1	79263253	1,1,1.0	13	24
1	79274021	1,1,1.0	4	35
1	79283594	1,1,1.0	8	38
1	79355743	1,1,1.0	11	28
1	79357269	1,1,1.0	14	37
1	79359444	1,1,1.0	10	35
1	79375982	1,1,1.0	10	33
1	79412023	1,1,1.0	10	30
1	79412911	1,1,1.0	15	29
1	79422388	1,1,1.0	10	41
1	79424077	1,1,1.0	4	31
1	79466350	1,1,1.0	9	41
1	79472934	1,1,1.0	10	30
1	79483197	1,1,1.0	13	36
1	79536685	1,1,1.0	4	52
1	79576023	1,1,1.0	18	37
1	79636084	1,1,1.0	8	29
1	79638226	1,1,1.0	11	33
1	79674116	1,1,1.0	12	32
1	79688958	1,1,1.0	13	32
1	79725286	1,1,1.0	9	39
1	79748201	1,1,1.0	7	37
1	79818158	1,1,1.0	5	31
1	79833161	1,1,1.0	12	34
1	79834290	1,1,1.0	8	39
1	79882734	1,1,1.0	12	40
1	79903569	1,1,1.0	13	41
1	79946688	1,1,1.0	16	33
1	79949694	1,1,1.0	13	26
1	79952258	1,1,1.0	14	37
1	79999211	1,1,1.0	6	26
1	80146862	1,1,1.0	6	41
1	80179836	1,1,1.0	6	36
1	80248713	1,1,1.0	8	35
1	80308291	1,1,1.0	8	35
1	80317395	1,1,1.0	10	42
1	80339920	1,1,1.0	15	34
1	80349774	1,1,1.0	10	32
1	80444169	1,1,1.0	6	40
1	80444974	1,1,1.0	7	39
1	80446256	1,1,1.0	11	36
1	80572466	1,1,1.0	9	35
1	80609979	1,1,1.0	16	29
1	80631253	1,1,1.0	11	40
1	80637068	1,1,1.0	17	27
1	80643502	1,1,1.0	12	43
1	80668426	1,1,1.0	9	24
1	80755514	1,1,1.0	10	29
1	80820269	1,1,1.0	11	34
1	80848016	1,1,1.0	13	31
1	80866922	1,1,1.0	10	44
1	80898640	1,1,1.0	10	36
1	80913380	1,1,1.0	7	44
1	80919887	1,1,1.0	15	34
1	80946776	1,1,1.0	17	32
1	81039458	1,1,1.0	13	33
1	81118443	1,1,1.0	8	35
1	81144376	1,1,1.0	16	30
1	81154849	1,1,1.0	10	40
1	81219158	1,1,1.0	11	38
1	81238632	1,1,1.0	8	31
1	81263236	1,1,1.0	12	30
1	81288599	1,1,1.0	11	25
1	81309379	1,1,1.0	10	26
1	81331039	1,1,1.0	4	37
1	81335477	1,1,1.0	7	30
1	81362978	1,1,1.0	11	42
1	81368810	1,1,1.0	10	45
1	81386919	1,1,1.0	14	49
1	81471665	1,1,1.0	8	38
1	81477847	1,1,1.0	7	30
1	81527809	1,1,1.0	10	34
1	81580597	1,1,1.0	3	36
1	81583936	1,1,1.0	14	30
1	81592439	1,1,1.0	3	41
1	81668750	1,1,1.0	16	34
1	81687032	1,1,1.0	4	38
1	81713060	1,1,1.0	15	32
1	81782121	1,1,1.0	11	35
1	81833781	1,1,1.0	10	28
1	81835557	1,1,1.0	20	24
1	81852227	1,1,1.0	8	36
1	81869122	1,1,1.0	9	33
1	81899041	1,1,1.0	10	36
1	81964892	1,1,1.0	11	23
1	81998771	1,1,1.0	7	39
1	82039137	1,1,1.0	13	28
1	82069585	1,1,1.0	15	36
1	82077281	1,1,1.0	14	34
1	82089372	1,1,1.0	11	18
1	82101343	1,1,1.0	11	45
1	82102355	1,1,1.0	6	40
1	82136997	1,1,1.0	18	30
1	82175600	1,1,1.0	9	45
1	82205580	1,1,1.0	11	38
1	82258797	1,1,1.0	8	34
1	82269360	1,1,1.0	18	35
1	82289681	1,1,1.0	10	40
1	82326720	1,1,1.0	12	40
1	82340243	1,1,1.0	16	45
1	82384510	1,1,1.0	14	26
1	82409761	1,1,1.0	9	27
1	82447942	1,1,1.0	12	29
1	82482357	1,1,1.0	12	37
1	82483634	1,1,1.0	18	34
1	82517301	1,1,1.0	11	35
1	82560038	1,1,1.0	6	36
1	82589995	1,1,1.0	13	29
1	82636616	1,1,1.0	11	34
1	82677485	1,1,1.0	12	34
1	82710353	1,1,1.0	10	39
1	82737296	1,1,1.0	13	39
1	82836260	1,1,1.0	10	30
1	82868832	1,1,1.0	16	32
1	82897446	1,1,1.0	13	36
1	82910439	1,1,1.0	12	20
1	82981355	1,1,1.0	13	29
1	82992180	1,1,1.0	13	21
1	82995268	1,1,1.0	3	46
1	83009087	1,1,1.0	8	29
1	83049680	1,1,1.0	14	26
1	83066235	1,1,1.0	9	38
1	83083893	1,1,1.0	11	34
1	83136494	1,1,1.0	11	39
1	83147824	1,1,1.0	13	41
1	83219083	1,1,1.0	6	37
1	83235197	1,1,1.0	9	42
1	83249792	1,1,1.0	13	30
1	83372920	1,1,1.0	10	41
1	83428654	1,1,1.0	12	27
1	83469576	1,1,1.0	14	37
1	83505359	1,1,1.0	13	30
1	83516617	1,1,1.0	6	48
1	83549837	1,1,1.0	10	26
1	83574610	1,1,1.0	11	37
1	83629092	1,1,1.0	6	33
1	83686202	1,1,1.0	10	38
1	83772231	1,1,1.0	11	38
1	83787060	1,1,1.0	18	34
1	83813729	1,1,1.0	16	31
1	83818309	1,1,1.0	8	31
1	83883984	1,1,1.0	16	34
1	83908267	1,1,1.0	16	25
1	83926298	1,1,1.0	11	29
1	83975694	1,1,1.0	15	26
1	83999109	1,1,1.0	12	38
1	84118387	1,1,1.0	20	39
1	84120294	1,1,1.0	12	38
1	84128198	1,1,1.0	19	25
1	84157088	1,1,1.0	13	33
1	84175062	1,1,1.0	11	27
1	84199703	1,1,1.0	7	32
1	84277198	1,1,1.0	15	30
1	84292782	1,1,1.0	10	40
1	84314658	1,1,1.0	6	28
1	84316895	1,1,1.0	13	30
1	84376132	1,1,1.0	11	36
1	84406328	1,1,1.0	8	28
1	84409088	1,1,1.0	9	32
1	84423445	1,1,1.0	17	29
1	84434248	1,1,1.0	2	31
1	84564664	1,1,1.0	14	41
1	84619623	1,1,1.0	10	29
1	84649611	1,1,1.0	13	34
1	84717737	1,1,1.0	12	26
1	84722557	1,1,1.0	10	27
1	84728078	1,1,1.0	12	15
1	84752372	1,1,1.0	6	33
1	84775455	1,1,1.0	6	36
1	84796994	1,1,1.0	8	26
1	84840690	1,1,1.0	7	36
1	84888781	1,1,1.0	11	28
1	84929990	1,1,1.0	9	39
1	84931687	1,1,1.0	10	46
1	84939177	1,1,1.0	13	27
1	84985560	1,1,1.0	9	30
1	84986936	1,1,1.0	15	31
1	85036504	1,1,1.0	13	37
1	85111998	1,1,1.0	7	31
1	85125420	1,1,1.0	8	35
1	85163337	1,1,1.0	13	38
1	85164216	1,1,1.0	11	25
1	85179184	1,1,1.0	10	35
1	85245567	1,1,1.0	15	33
1	85267435	1,1,1.0	7	22
1	85275533	1,1,1.0	7	32
1	85293893	1,1,1.0	14	33
1	85312172	1,1,1.0	2	31
1	85381740	1,1,1.0	10	31
1	85413109	1,1,1.0	10	30
1	85452282	1,1,1.0	12	23
1	85456719	1,1,1.0	11	35
1	85466978	1,1,1.0	13	45
1	85502108	1,1,1.0	10	30
1	85568309	1,1,1.0	5	37
1	85616694	1,1,1.0	16	29
1	85617256	1,1,1.0	16	28
1	85674626	1,1,1.0	25	28
1	85676984	1,1,1.0	11	29
1	85786166	1,1,1.0	5	45
1	85790579	1,1,1.0	11	28
1	85803845	1,1,1.0	15	29
1	85813019	1,1,1.0	20	28
1	85835433	1,1,1.0	12	48
1	85886103	1,1,1.0	10	30
1	85951356	1,1,1.0	6	45
1	85964154	1,1,1.0	23	20
1	85976654	1,1,1.0	16	32
1	85995964	1,1,1.0	9	39
1	86039929	1,1,1.0	11	28
1	86106692	1,1,1.0	12	42
1	86109823	1,1,1.0	13	34
1	86150826	1,1,1.0	6	45
1	86162999	1,1,1.0	8	43
1	86190219	1,1,1.0	9	30
1	86204080	1,1,1.0	7	31
1	86253159	1,1,1.0	10	30
1	86261068	1,1,1.0	9	24
1	86385208	1,1,1.0	15	27
1	86408714	1,1,1.0	13	39
1	86447496	1,1,1.0	13	35
1	86467705	1,1,1.0	14	26
1	86513582	1,1,1.0	10	36
1	86566881	1,1,1.0	5	30
1	86580791	1,1,1.0	9	32
1	86614339	1,1,1.0	14	32
1	86624772	1,1,1.0	6	31
1	86644965	1,1,1.0	10	32
1	86649435	1,1,1.0	13	48
1	86657996	1,1,1.0	11	32
1	86668563	1,1,1.0	14	37
1	86679067	1,1,1.0	19	32
1	86689595	1,1,1.0	14	36
1	86696619	1,1,1.0	11	36
1	86726916	1,1,1.0	17	24
1	86772265	1,1,1.0	4	29
1	86822904	1,1,1.0	11	40
1	86887563	1,1,1.0	9	42
1	86914418	1,1,1.0	6	35
1	86940988	1,1,1.0	6	36
1	87021828	1,1,1.0	13	38
1	87036501	1,1,1.0	12	42
1	87062894	1,1,1.0	13	34
1	87094562	1,1,1.0	12	32
1	87125038	1,1,1.0	7	34
1	87127829	1,1,1.0	10	23
1	87211588	1,1,1.0	8	35
1	87219123	1,1,1.0	10	43
1	87267518	1,1,1.0	11	26
1	87318159	1,1,1.0	15	25
1	87351328	1,1,1.0	7	35
1	87361107	1,1,1.0	12	29
1	87375394	1,1,1.0	15	30
1	87381783	1,1,1.0	18	30
1	87439014	1,1,1.0	10	24
1	87463812	1,1,1.0	13	39
1	87465961	1,1,1.0	8	29
1	87487333	1,1,1.0	11	39
1	87504137	1,1,1.0	15	42
1	87529536	1,1,1.0	12	36
1	87600022	1,1,1.0	21	28
1	87718151	1,1,1.0	18	23
1	87719878	1,1,1.0	4	35
1	87728029	1,1,1.0	7	32
1	87758826	1,1,1.0	16	32
1	87771870	1,1,1.0	8	41
1	87793098	1,1,1.0	13	39
1	87797592	1,1,1.0	16	39
1	87877856	1,1,1.0	13	32
1	87888220	1,1,1.0	8	37
1	87891471	1,1,1.0	7	24
1	87915058	1,1,1.0	15	31
1	87932899	1,1,1.0	7	41
1	87946300	1,1,1.0	10	45
1	87980174	1,1,1.0	9	38
1	88015234	1,1,1.0	10	32
1	88085350	1,1,1.0	11	30
1	88106429	1,1,1.0	6	20
1	88187088	1,1,1.0	12	33
1	88188071	1,1,1.0	7	38
1	88190230	1,1,1.0	14	41
1	88223508	1,1,1.0	14	39
1	88244940	1,1,1.0	7	32
1	88298873	1,1,1.0	14	30
1	88307931	1,1,1.0	10	35
1	88313779	1,1,1.0	12	46
1	88335571	1,1,1.0	12	27
1	88366801	1,1,1.0	14	29
1	88372343	1,1,1.0	9	32
1	88372954	1,1,1.0	14	27
1	88390655	1,1,1.0	17	36
1	88402402	1,1,1.0	11	35
1	88423653	1,1,1.0	16	29
1	88436072	1,1,1.0	14	30
1	88446577	1,1,1.0	14	36
1	88519246	1,1,1.0	11	37
1	88579832	1,1,1.0	18	29
1	88607633	1,1,1.0	14	47
1	88715605	1,1,1.0	13	28
1	88722561	1,1,1.0	9	42
1	88802863	1,1,1.0	10	36
1	88812922	1,1,1.0	9	27
1	88900703	1,1,1.0	10	32
1	88925342	1,1,1.0	10	31
1	88932243	1,1,1.0	12	34
1	88957777	1,1,1.0	7	34
1	88978726	1,1,1.0	8	35
1	89090029	1,1,1.0	7	34
1	89091162	1,1,1.0	12	25
1	89166204	1,1,1.0	10	30
1	89263637	1,1,1.0	17	23
1	89280327	1,1,1.0	16	30
1	89305127	1,1,1.0	7	26
1	89333449	1,1,1.0	13	38
1	89339316	1,1,1.0	8	30
1	89344230	1,1,1.0	11	34
1	89371644	1,1,1.0	10	38
1	89402729	1,1,1.0	15	39
1	89424199	1,1,1.0	11	32
1	89466544	1,1,1.0	21	28
1	89474264	1,1,1.0	4	35
1	89475234	1,1,1.0	8	28
1	89491800	1,1,1.0	15	26
1	89495632	1,1,1.0	15	28
1	89505055	1,1,1.0	10	35
1	89520092	1,1,1.0	10	39
1	89540149	1,1,1.0	13	28
1	89595175	1,1,1.0	8	41
1	89651719	1,1,1.0	20	31
1	89760132	1,1,1.0	13	42
1	89760363	1,1,1.0	5	32
1	89802742	1,1,1.0	10	42
1	89888107	1,1,1.0	7	33
1	89925122	1,1,1.0	10	37
1	89953557	1,1,1.0	8	32
1	90009817	1,1,1.0	13	40
1	90051449	1,1,1.0	11	34
1	90075654	1,1,1.0	8	37
1	90077235	1,1,1.0	12	28
1	90111753	1,1,1.0	10	32
1	90187631	1,1,1.0	13	40
1	90189275	1,1,1.0	19	28
1	90192076	1,1,1.0	10	38
1	90222731	1,1,1.0	3	36
1	90243822	1,1,1.0	12	31
1	90270005	1,1,1.0	7	42
1	90292201	1,1,1.0	12	37
1	90316776	1,1,1.0	7	34
1	90332880	1,1,1.0	15	32
1	90416886	1,1,1.0	15	31
1	90456852	1,1,1.0	11	36
1	90513706	1,1,1.0	15	31
1	90516871	1,1,1.0	12	33
1	90583652	1,1,1.0	10	38
1	90588262	1,1,1.0	11	40
1	90612764	1,1,1.0	7	29
1	90629030	1,1,1.0	12	37
1	90659388	1,1,1.0	10	33
1	90678112	1,1,1.0	9	37
1	90687741	1,1,1.0	11	40
1	90712670	1,1,1.0	15	33
1	90722209	1,1,1.0	7	34
1	90726083	1,1,1.0	10	41
1	90757078	1,1,1.0	14	34
1	90774133	1,1,1.0	17	22
1	90816890	1,1,1.0	10	41
1	90873128	1,1,1.0	12	38
1	90937799	1,1,1.0	10	33
1	90962340	1,1,1.0	12	38
1	90993306	1,1,1.0	19	34
1	90998639	1,1,1.0	20	41
1	91017888	1,1,1.0	17	38
1	91025905	1,1,1.0	13	47
1	91095453	1,1,1.0	9	28
1	91101431	1,1,1.0	22	26
1	91136555	1,1,1.0	5	41
1	91158278	1,1,1.0	6	31
1	91178559	1,1,1.0	15	31
1	91244159	1,1,1.0	15	27
1	91247008	1,1,1.0	12	37
1	91281329	1,1,1.0	5	45
1	91325452	1,1,1.0	11	38
1	91348900	1,1,1.0	8	36
1	91369150	1,1,1.0	13	29
1	91446875	1,1,1.0	10	38
1	91460741	1,1,1.0	7	35
1	91478053	1,1,1.0	12	28
1	91512641	1,1,1.0	17	40
1	91533392	1,1,1.0	17	38
1	91613675	1,1,1.0	12	30
1	91631246	1,1,1.0	9	26
1	91631978	1,1,1.0	12	23
1	91727315	1,1,1.0	8	47
1	91728730	1,1,1.0	12	21
1	91743107	1,1,1.0	12	39
1	91784613	1,1,1.0	7	48
1	91800871	1,1,1.0	12	29
1	91904505	1,1,1.0	14	33
1	91908889	1,1,1.0	12	42
1	91931590	1,1,1.0	10	40
1	91934711	1,1,1.0	15	38
1	91979435	1,1,1.0	12	27
1	92010351	1,1,1.0	9	23
1	92053614	1,1,1.0	12	40
1	92060808	1,1,1.0	9	38
1	92120378	1,1,1.0	15	32
1	92122732	1,1,1.0	8	31
1	92126412	1,1,1.0	12	41
1	92130450	1,1,1.0	6	37
1	92151178	1,1,1.0	11	28
1	92183884	1,1,1.0	10	36
1	92255146	1,1,1.0	16	38
1	92261251	1,1,1.0	9	33
1	92266242	1,1,1.0	15	35
1	92313343	1,1,1.0	7	41
1	92341224	1,1,1.0	8	37
1	92381170	1,1,1.0	6	39
1	92403005	1,1,1.0	11	35
1	92414494	1,1,1.0	11	45
1	92495161	1,1,1.0	9	22
1	92570415	1,1,1.0	9	34
1	92580556	1,1,1.0	10	38
1	92650539	1,1,1.0	5	33
1	92655081	1,1,1.0	12	17
1	92670882	1,1,1.0	8	44
1	92680306	1,1,1.0	14	27
1	92747891	1,1,1.0	9	32
1	92754394	1,1,1.0	10	41
1	92853532	1,1,1.0	13	33
1	92856446	1,1,1.0	8	39
1	92857726	1,1,1.0	14	32
1	92912168	1,1,1.0	15	29
1	93011745	1,1,1.0	11	41
1	93020923	1,1,1.0	8	39
1	93060052	1,1,1.0	12	38
1	93150836	1,1,1.0	5	40
1	93159065	1,1,1.0	20	30
1	93221329	1,1,1.0	14	33
1	93246253	1,1,1.0	9	37
1	93268692	1,1,1.0	15	32
1	93309478	1,1,1.0	7	43
1	93349655	1,1,1.0	23	34
1	93435733	1,1,1.0	5	37
1	93475848	1,1,1.0	7	26
1	93585564	1,1,1.0	8	28
1	93588448	1,1,1.0	5	45
1	93616895	1,1,1.0	10	37
1	93633255	1,1,1.0	9	41
1	93669813	1,1,1.0	9	44
1	93718783	1,1,1.0	10	30
1	93721278	1,1,1.0	10	39
1	93731219	1,1,1.0	11	28
1	93734777	1,1,1.0	11	37
1	93735315	1,1,1.0	9	39
1	93841139	1,1,1.0	4	36
1	93926671	1,1,1.0	5	35
1	93971063	1,1,1.0	12	37
1	94078508	1,1,1.0	12	24
1	94080565	1,1,1.0	6	30
1	94134429	1,1,1.0	15	39
1	94151208	1,1,1.0	5	37
1	94223320	1,1,1.0	12	28
1	94262877	1,1,1.0	11	27
1	94348713	1,1,1.0	14	32
1	94370974	1,1,1.0	8	42
1	94382377	1,1,1.0	7	27
1	94383463	1,1,1.0	13	31
1	94420879	1,1,1.0	10	34
1	94447423	1,1,1.0	17	35
1	94467830	1,1,1.0	13	33
1	94514317	1,1,1.0	7	36
1	94563440	1,1,1.0	19	35
1	94568381	1,1,1.0	13	43
1	94615398	1,1,1.0	8	27
1	94640693	1,1,1.0	6	35
1	94667758	1,1,1.0	11	31
1	94684377	1,1,1.0	14	45
1	94691831	1,1,1.0	9	38
1	94692937	1,1,1.0	11	29
1	94718037	1,1,1.0	7	32
1	94724831	1,1,1.0	8	30
1	94765735	1,1,1.0	8	36
1	94795929	1,1,1.0	12	33
1	94892416	1,1,1.0	9	31
1	94900383	1,1,1.0	9	37
1	94906227	1,1,1.0	23	36
1	95058230	1,1,1.0	6	41
1	95131529	1,1,1.0	13	37
1	95151031	1,1,1.0	11	34
1	95191097	1,1,1.0	13	27
1	95194920	1,1,1.0	6	32
1	95200262	1,1,1.0	5	30
1	95257396	1,1,1.0	15	25
1	95282271	1,1,1.0	10	37
1	95286667	1,1,1.0	11	29
1	95306624	1,1,1.0	9	48
1	95316643	1,1,1.0	14	33
1	95356850	1,1,1.0	16	34
1	95391016	1,1,1.0	15	33
1	95409327	1,1,1.0	10	23
1	95441972	1,1,1.0	13	25
1	95443334	1,1,1.0	18	29
1	95458442	1,1,1.0	13	35
1	95487672	1,1,1.0	12	22
1	95513595	1,1,1.0	22	37
1	95555042	1,1,1.0	11	35
1	95621690	1,1,1.0	10	34
1	95637782	1,1,1.0	7	34
1	95644999	1,1,1.0	15	35
1	95660787	1,1,1.0	11	41
1	95734876	1,1,1.0	9	47
1	95863963	1,1,1.0	6	38
1	95866888	1,1,1.0	13	29
1	95895198	1,1,1.0	5	29
1	95907315	1,1,1.0	12	39
1	95938735	1,1,1.0	9	27
1	95959300	1,1,1.0	15	25
1	96004480	1,1,1.0	11	39
1	96007663	1,1,1.0	7	31
1	96016909	1,1,1.0	15	36
1	96056858	1,1,1.0	7	34
1	96102205	1,1,1.0	6	31
1	96108729	1,1,1.0	10	36
1	96185348	1,1,1.0	12	31
1	96248012	1,1,1.0	11	33
1	96289582	1,1,1.0	15	35
1	96292466	1,1,1.0	11	29
1	96308040	1,1,1.0	8	41
1	96333217	1,1,1.0	13	32
1	96335389	1,1,1.0	21	34
1	96343099	1,1,1.0	10	25
1	96358263	1,1,1.0	14	30
1	96391597	1,1,1.0	19	37
1	96396808	1,1,1.0	17	39
1	96403971	1,1,1.0	13	27
1	96409986	1,1,1.0	11	40
1	96479330	1,1,1.0	14	38
1	96504784	1,1,1.0	6	31
1	96527314	1,1,1.0	13	36
1	96541931	1,1,1.0	11	36
1	96614701	1,1,1.0	14	35
1	96637398	1,1,1.0	6	19
1	96683984	1,1,1.0	23	25
1	96744396	1,1,1.0	9	25
1	96753867	1,1,1.0	6	32
1	96772922	1,1,1.0	17	27
1	96820103	1,1,1.0	20	29
1	96860061	1,1,1.0	10	29
1	96915390	1,1,1.0	12	35
1	96919538	1,1,1.0	18	41
1	96925255	1,1,1.0	9	32
1	96927265	1,1,1.0	5	37
1	96929035	1,1,1.0	13	33
1	96948538	1,1,1.0	7	51
1	96960315	1,1,1.0	5	36
1	97010812	1,1,1.0	16	42
1	97015482	1,1,1.0	8	44
1	97022416	1,1,1.0	16	38
1	97052700	1,1,1.0	10	40
1	97056054	1,1,1.0	13	31
1	97065964	1,1,1.0	10	31
1	97089291	1,1,1.0	7	50
1	97091838	1,1,1.0	21	28
1	97200736	1,1,1.0	12	35
1	97205132	1,1,1.0	11	35
1	97205268	1,1,1.0	13	29
1	97242935	1,1,1.0	14	29
1	97289336	1,1,1.0	9	37
1	97352221	1,1,1.0	6	33
1	97353510	1,1,1.0	13	25
1	97439301	1,1,1.0	11	27
1	97447467	1,1,1.0	14	29
1	97473253	1,1,1.0	11	42
1	97507357	1,1,1.0	20	27
1	97575944	1,1,1.0	16	34
1	97617285	1,1,1.0	11	24
1	97618727	1,1,1.0	9	35
1	97630167	1,1,1.0	5	23
1	97658085	1,1,1.0	8	33
1	97706584	1,1,1.0	17	31
1	97766971	1,1,1.0	7	37
1	97784649	1,1,1.0	10	38
1	97797579	1,1,1.0	7	37
1	97803785	1,1,1.0	16	35
1	97890559	1,1,1.0	7	29
1	97901526	1,1,1.0	10	27
1	97979021	1,1,1.0	14	35
1	98004537	1,1,1.0	14	29
1	98011434	1,1,1.0	12	35
1	98055293	1,1,1.0	13	35
1	98077242	1,1,1.0	6	39
1	98142303	1,1,1.0	10	26
1	98144150	1,1,1.0	9	30
1	98218826	1,1,1.0	12	24
1	98223914	1,1,1.0	14	33
1	98227060	1,1,1.0	9	29
1	98324337	1,1,1.0	21	29
1	98361823	1,1,1.0	10	32
1	98381419	1,1,1.0	10	45
1	98444449	1,1,1.0	2	44
1	98484732	1,1,1.0	22	36
1	98504868	1,1,1.0	10	31
1	98563944	1,1,1.0	14	32
1	98574491	1,1,1.0	14	46
1	98596419	1,1,1.0	15	36
1	98631399	1,1,1.0	4	54
1	98681014	1,1,1.0	15	41
1	98692226	1,1,1.0	13	36
1	98755073	1,1,1.0	8	29
1	98761705	1,1,1.0	8	29
1	98902420	1,1,1.0	10	28
1	98917302	1,1,1.0	10	37
1	98946653	1,1,1.0	9	38
1	98970588	1,1,1.0	11	29
1	98976153	1,1,1.0	8	22
1	99002909	1,1,1.0	18	34
1	99038420	1,1,1.0	11	34
1	99046988	1,1,1.0	15	33
1	99153136	1,1,1.0	6	35
1	99195469	1,1,1.0	11	35
1	99202766	1,1,1.0	8	36
1	99217549	1,1,1.0	11	36
1	99257745	1,1,1.0	13	29
1	99280872	1,1,1.0	11	37
1	99316945	1,1,1.0	11	37
1	99381041	1,1,1.0	16	45
1	99411497	1,1,1.0	7	41
1	99474073	1,1,1.0	16	32
1	99492937	1,1,1.0	9	41
1	99534365	1,1,1.0	8	40
1	99583364	1,1,1.0	15	27
1	99629059	1,1,1.0	13	41
1	99643677	1,1,1.0	7	28
1	99650308	1,1,1.0	12	30
1	99715536	1,1,1.0	10	29
1	99822594	1,1,1.0	15	27
1	99886554	1,1,1.0	16	39
1	99942744	1,1,1.0	13	35
1	99982828	1,1,1.0	11	40
